763173172   2.21857e-05 -0.000351009     -1.57185  2.37311e-05     -1.57116 -1.42387e-05
763226719   2.21857e-05 -0.000351801     -1.57185  2.37311e-05     -1.57116 -1.42387e-05
763247494   2.21857e-05 -0.000351801     -1.57185  2.37311e-05     -1.57116 -1.42387e-05
763266859   2.21857e-05 -0.000351801     -1.57185  2.46804e-05     -1.57116 -1.42387e-05
763286149   2.21857e-05 -0.000351801     -1.57185  2.46804e-05     -1.57116 -1.42387e-05
763305096   2.21857e-05 -0.000351801     -1.57185  2.46804e-05     -1.57116 -1.51879e-05
782931194   2.21857e-05 -0.000351801     -1.57185  2.46804e-05     -1.57116 -1.51879e-05
782979315   2.21857e-05 -0.000351801     -1.57185  2.46804e-05     -1.57116 -1.51879e-05
782998656   2.21857e-05 -0.000351801     -1.57185  2.46804e-05     -1.57116 -1.51879e-05
783016822   2.21857e-05 -0.000351801     -1.57185  2.27819e-05     -1.57116 -1.51879e-05
783034649   2.21857e-05 -0.000351801     -1.57185  2.27819e-05     -1.57116 -1.51879e-05
783168186   2.21857e-05 -0.000351801     -1.57185  2.27819e-05     -1.57116 -1.61372e-05
803224322   2.21857e-05 -0.000351801     -1.57185  2.27819e-05     -1.57116 -1.61372e-05
803393406   2.21857e-05 -0.000351801     -1.57185  2.27819e-05     -1.57116 -1.61372e-05
803426216   2.21857e-05 -0.000351801     -1.57185  2.27819e-05     -1.57116 -1.61372e-05
803446062   2.21857e-05 -0.000351801     -1.57185  2.37311e-05     -1.57116 -1.61372e-05
803465611   2.21857e-05 -0.000351801     -1.57185  2.37311e-05     -1.57116 -1.61372e-05
803484763   2.21857e-05 -0.000351801     -1.57185  2.37311e-05     -1.57116 -1.51879e-05
823083027   2.21857e-05 -0.000351801     -1.57185  2.37311e-05     -1.57116 -1.51879e-05
823137916   2.21857e-05 -0.000351009     -1.57185  2.37311e-05     -1.57116 -1.51879e-05
823157971   2.21857e-05 -0.000351009     -1.57186  2.37311e-05     -1.57116 -1.51879e-05
823177567   2.21857e-05 -0.000351009     -1.57186  2.37311e-05     -1.57116 -1.51879e-05
823197170   2.21857e-05 -0.000351009     -1.57186  2.37311e-05     -1.57116 -1.51879e-05
823216158   2.21857e-05 -0.000351009     -1.57186  2.37311e-05     -1.57116 -1.61372e-05
843386035   2.21857e-05 -0.000351009     -1.57186  2.37311e-05     -1.57116 -1.61372e-05
843440770   2.21857e-05 -0.000351801     -1.57186  2.37311e-05     -1.57116 -1.61372e-05
843461527   2.21857e-05 -0.000351801     -1.57186  2.37311e-05     -1.57116 -1.61372e-05
843480923   2.21857e-05 -0.000351801     -1.57186  2.37311e-05     -1.57116 -1.61372e-05
843500043   2.21857e-05 -0.000351801     -1.57186  2.37311e-05     -1.57116 -1.61372e-05
843519278   2.21857e-05 -0.000351801     -1.57186  2.37311e-05     -1.57116 -1.42387e-05
863285781    2.2978e-05 -0.000351801     -1.57186  2.37311e-05     -1.57116 -1.42387e-05
863340049    2.2978e-05 -0.000351009     -1.57186  2.37311e-05     -1.57116 -1.42387e-05
863360428    2.2978e-05 -0.000351009     -1.57185  2.37311e-05     -1.57116 -1.42387e-05
863379922    2.2978e-05 -0.000351009     -1.57185  2.37311e-05     -1.57116 -1.42387e-05
863399062    2.2978e-05 -0.000351009     -1.57185  2.37311e-05     -1.57116 -1.42387e-05
863417885    2.2978e-05 -0.000351009     -1.57185  2.37311e-05     -1.57116 -1.51879e-05
883281080   2.13933e-05 -0.000351009     -1.57185  2.37311e-05     -1.57116 -1.51879e-05
883335260   2.13933e-05 -0.000351801     -1.57185  2.37311e-05     -1.57116 -1.51879e-05
883355457   2.13933e-05 -0.000351801     -1.57185  2.37311e-05     -1.57116 -1.51879e-05
883374730   2.13933e-05 -0.000351801     -1.57185  2.37311e-05     -1.57116 -1.51879e-05
883393784   2.13933e-05 -0.000351801     -1.57185  2.37311e-05     -1.57116 -1.51879e-05
883413082   2.13933e-05 -0.000351801     -1.57185  2.37311e-05     -1.57116 -1.51879e-05
903565332   2.21857e-05 -0.000351801     -1.57185  2.37311e-05     -1.57116 -1.51879e-05
903624835   2.21857e-05 -0.000351009     -1.57185  2.37311e-05     -1.57116 -1.51879e-05
903645329   2.21857e-05 -0.000351009     -1.57186  2.37311e-05     -1.57116 -1.51879e-05
903665178   2.21857e-05 -0.000351009     -1.57186  2.37311e-05     -1.57116 -1.51879e-05
903684596   2.21857e-05 -0.000351009     -1.57186  2.37311e-05     -1.57116 -1.51879e-05
903703886   2.21857e-05 -0.000351009     -1.57186  2.37311e-05     -1.57116 -1.42387e-05
923263444   2.13933e-05 -0.000351009     -1.57186  2.37311e-05     -1.57116 -1.42387e-05
923319514   2.13933e-05 -0.000351801     -1.57186  2.37311e-05     -1.57116 -1.42387e-05
923339641   2.13933e-05 -0.000351801     -1.57186  2.37311e-05     -1.57116 -1.42387e-05
923359334   2.13933e-05 -0.000351801     -1.57186  2.37311e-05     -1.57116 -1.42387e-05
923378648   2.13933e-05 -0.000351801     -1.57186  2.37311e-05     -1.57116 -1.42387e-05
923397805   2.13933e-05 -0.000351801     -1.57186  2.37311e-05     -1.57116 -1.42387e-05
943333330   2.21857e-05 -0.000351801     -1.57186  2.37311e-05     -1.57116 -1.42387e-05
943388604   2.21857e-05 -0.000351009     -1.57186  2.37311e-05     -1.57116 -1.42387e-05
943408686   2.21857e-05 -0.000351009     -1.57185  2.37311e-05     -1.57116 -1.42387e-05
943428399   2.21857e-05 -0.000351009     -1.57185  2.37311e-05     -1.57116 -1.42387e-05
943447676   2.21857e-05 -0.000351009     -1.57185  2.37311e-05     -1.57116 -1.42387e-05
943466717   2.21857e-05 -0.000351009     -1.57185  2.37311e-05     -1.57116 -1.61372e-05
963131999   2.37704e-05 -0.000351009     -1.57185  2.37311e-05     -1.57116 -1.61372e-05
963187217   2.37704e-05 -0.000351801     -1.57185  2.37311e-05     -1.57116 -1.61372e-05
963207343   2.37704e-05 -0.000351801     -1.57185  2.37311e-05     -1.57116 -1.61372e-05
963226348   2.37704e-05 -0.000351801     -1.57185  2.37311e-05     -1.57116 -1.61372e-05
963245311   2.37704e-05 -0.000351801     -1.57185  2.37311e-05     -1.57116 -1.61372e-05
963264287   2.37704e-05 -0.000351801     -1.57185  2.37311e-05     -1.57116 -1.42387e-05
984540510   2.21857e-05 -0.000351801     -1.57185  2.37311e-05     -1.57116 -1.42387e-05
984594867   2.21857e-05 -0.000351009     -1.57185  2.37311e-05     -1.57116 -1.42387e-05
984615830   2.21857e-05 -0.000351009     -1.57186  2.37311e-05     -1.57116 -1.42387e-05
984635429   2.21857e-05 -0.000351009     -1.57186  2.37311e-05     -1.57116 -1.42387e-05
984654454   2.21857e-05 -0.000351009     -1.57186  2.37311e-05     -1.57116 -1.42387e-05
984673680   2.21857e-05 -0.000351009     -1.57186  2.37311e-05     -1.57116 -1.51879e-05
3263185   2.21857e-05 -0.000351009     -1.57186  2.37311e-05     -1.57116 -1.51879e-05
3322551   2.21857e-05 -0.000351009     -1.57186  2.37311e-05     -1.57116 -1.51879e-05
3341606   2.21857e-05 -0.000351009     -1.57185  2.37311e-05     -1.57116 -1.51879e-05
3359664   2.21857e-05 -0.000351009     -1.57185  2.37311e-05     -1.57116 -1.51879e-05
3377386   2.21857e-05 -0.000351009     -1.57185  2.37311e-05     -1.57116 -1.51879e-05
3395042   2.21857e-05 -0.000351009     -1.57185  2.37311e-05     -1.57116 -1.42387e-05
23182942   2.13933e-05 -0.000351009     -1.57185  2.37311e-05     -1.57116 -1.42387e-05
23238083   2.13933e-05 -0.000352594     -1.57185  2.37311e-05     -1.57116 -1.42387e-05
23258836   2.13933e-05 -0.000352594     -1.57186  2.37311e-05     -1.57116 -1.42387e-05
23278319   2.13933e-05 -0.000352594     -1.57186  2.37311e-05     -1.57116 -1.42387e-05
23297423   2.13933e-05 -0.000352594     -1.57186  2.37311e-05     -1.57116 -1.42387e-05
23316543   2.13933e-05 -0.000352594     -1.57186  2.37311e-05     -1.57116 -1.70864e-05
43228146   2.21857e-05 -0.000352594     -1.57186  2.37311e-05     -1.57116 -1.70864e-05
43284019   2.21857e-05 -0.000351009     -1.57186  2.37311e-05     -1.57116 -1.70864e-05
43304308   2.21857e-05 -0.000351009     -1.57185  2.37311e-05     -1.57116 -1.70864e-05
43323841   2.21857e-05 -0.000351009     -1.57185  2.27819e-05     -1.57116 -1.70864e-05
43342892   2.21857e-05 -0.000351009     -1.57185  2.27819e-05     -1.57116 -1.70864e-05
43362074   2.21857e-05 -0.000351009     -1.57185  2.27819e-05     -1.57116 -1.42387e-05
65600387   2.21857e-05 -0.000351009     -1.57185  2.27819e-05     -1.57116 -1.42387e-05
65656063   2.21857e-05 -0.000352594     -1.57185  2.27819e-05     -1.57116 -1.42387e-05
65676276   2.21857e-05 -0.000352594     -1.57185  2.27819e-05     -1.57116 -1.42387e-05
65759618   2.21857e-05 -0.000352594     -1.57185  2.27819e-05     -1.57116 -1.42387e-05
65779592   2.21857e-05 -0.000352594     -1.57185  2.27819e-05     -1.57116 -1.42387e-05
65798502   2.21857e-05 -0.000352594     -1.57185  2.27819e-05     -1.57116 -1.51879e-05
83139248   2.13933e-05 -0.000352594     -1.57185  2.27819e-05     -1.57116 -1.51879e-05
83193821   2.13933e-05 -0.000351801     -1.57185  2.27819e-05     -1.57116 -1.51879e-05
83214328   2.13933e-05 -0.000351801     -1.57185  2.27819e-05     -1.57116 -1.51879e-05
83233895   2.13933e-05 -0.000351801     -1.57185  2.27819e-05     -1.57116 -1.51879e-05
83252894   2.13933e-05 -0.000351801     -1.57185  2.27819e-05     -1.57116 -1.51879e-05
83272219   2.13933e-05 -0.000351801     -1.57185  2.27819e-05     -1.57116 -1.51879e-05
102923242   2.13933e-05 -0.000351801     -1.57185  2.27819e-05     -1.57116 -1.51879e-05
102981067   2.13933e-05 -0.000352594     -1.57185  2.27819e-05     -1.57116 -1.51879e-05
103001880   2.13933e-05 -0.000352594     -1.57185  2.27819e-05     -1.57116 -1.51879e-05
103021300   2.13933e-05 -0.000352594     -1.57185  2.37311e-05     -1.57116 -1.51879e-05
103040421   2.13933e-05 -0.000352594     -1.57185  2.37311e-05     -1.57116 -1.51879e-05
103059467   2.13933e-05 -0.000352594     -1.57185  2.37311e-05     -1.57116 -1.51879e-05
123222494   2.21857e-05 -0.000352594     -1.57185  2.37311e-05     -1.57116 -1.51879e-05
123278092   2.21857e-05 -0.000351801     -1.57185  2.37311e-05     -1.57116 -1.51879e-05
123298491   2.21857e-05 -0.000351801     -1.57185  2.37311e-05     -1.57116 -1.51879e-05
123317944   2.21857e-05 -0.000351801     -1.57185  2.46804e-05     -1.57116 -1.51879e-05
123337010   2.21857e-05 -0.000351801     -1.57185  2.46804e-05     -1.57116 -1.51879e-05
123356013   2.21857e-05 -0.000351801     -1.57185  2.46804e-05     -1.57116 -1.70864e-05
143164806   2.21857e-05 -0.000351801     -1.57185  2.46804e-05     -1.57116 -1.70864e-05
143219660   2.21857e-05 -0.000352594     -1.57185  2.46804e-05     -1.57116 -1.70864e-05
143240709   2.21857e-05 -0.000352594     -1.57185  2.46804e-05     -1.57116 -1.70864e-05
143260287   2.21857e-05 -0.000352594     -1.57185  2.18326e-05     -1.57116 -1.70864e-05
143279448   2.21857e-05 -0.000352594     -1.57185  2.18326e-05     -1.57116 -1.70864e-05
143298738   2.21857e-05 -0.000352594     -1.57185  2.18326e-05     -1.57116 -1.61372e-05
163285197    2.2978e-05 -0.000352594     -1.57185  2.18326e-05     -1.57116 -1.61372e-05
163342598    2.2978e-05 -0.000352594     -1.57185  2.18326e-05     -1.57116 -1.61372e-05
163363311    2.2978e-05 -0.000352594     -1.57186  2.18326e-05     -1.57116 -1.61372e-05
163382662    2.2978e-05 -0.000352594     -1.57186  2.37311e-05     -1.57116 -1.61372e-05
163401759    2.2978e-05 -0.000352594     -1.57186  2.37311e-05     -1.57116 -1.61372e-05
163421139    2.2978e-05 -0.000352594     -1.57186  2.37311e-05     -1.57116 -1.42387e-05
183348429   2.21857e-05 -0.000352594     -1.57186  2.37311e-05     -1.57116 -1.42387e-05
183405197   2.21857e-05 -0.000352594     -1.57186  2.37311e-05     -1.57116 -1.42387e-05
183425413   2.21857e-05 -0.000352594     -1.57185  2.37311e-05     -1.57116 -1.42387e-05
183444878   2.21857e-05 -0.000352594     -1.57185  2.37311e-05     -1.57116 -1.42387e-05
183464270   2.21857e-05 -0.000352594     -1.57185  2.37311e-05     -1.57116 -1.42387e-05
183483673   2.21857e-05 -0.000352594     -1.57185  2.37311e-05     -1.57116 -1.51879e-05
203233555   2.13933e-05 -0.000352594     -1.57185  2.37311e-05     -1.57116 -1.51879e-05
203288662   2.13933e-05 -0.000352594     -1.57185  2.37311e-05     -1.57116 -1.51879e-05
203308885   2.13933e-05 -0.000352594     -1.57185  2.37311e-05     -1.57116 -1.51879e-05
203328035   2.13933e-05 -0.000352594     -1.57185  2.37311e-05     -1.57116 -1.51879e-05
203346988   2.13933e-05 -0.000352594     -1.57185  2.37311e-05     -1.57116 -1.51879e-05
203365832   2.13933e-05 -0.000352594     -1.57185  2.37311e-05     -1.57116 -1.61372e-05
223366551   2.13933e-05 -0.000352594     -1.57185  2.37311e-05     -1.57116 -1.61372e-05
223422055   2.13933e-05 -0.000351009     -1.57185  2.37311e-05     -1.57116 -1.61372e-05
223442616   2.13933e-05 -0.000351009     -1.57185  2.37311e-05     -1.57116 -1.61372e-05
223461807   2.13933e-05 -0.000351009     -1.57185  2.46804e-05     -1.57116 -1.61372e-05
223480910   2.13933e-05 -0.000351009     -1.57185  2.46804e-05     -1.57116 -1.61372e-05
223500006   2.13933e-05 -0.000351009     -1.57185  2.46804e-05     -1.57116 -1.42387e-05
243299502    2.2978e-05 -0.000351009     -1.57185  2.46804e-05     -1.57116 -1.42387e-05
243356510    2.2978e-05 -0.000351801     -1.57185  2.46804e-05     -1.57116 -1.42387e-05
243376757    2.2978e-05 -0.000351801     -1.57185  2.46804e-05     -1.57116 -1.42387e-05
243396122    2.2978e-05 -0.000351801     -1.57185  2.37311e-05     -1.57116 -1.42387e-05
243415602    2.2978e-05 -0.000351801     -1.57185  2.37311e-05     -1.57116 -1.42387e-05
243434919    2.2978e-05 -0.000351801     -1.57185  2.37311e-05     -1.57116 -1.51879e-05
263390287   2.21857e-05 -0.000351801     -1.57185  2.37311e-05     -1.57116 -1.51879e-05
263447664   2.21857e-05 -0.000351801     -1.57185  2.37311e-05     -1.57116 -1.51879e-05
263467798   2.21857e-05 -0.000351801     -1.57185  2.37311e-05     -1.57116 -1.51879e-05
263487183   2.21857e-05 -0.000351801     -1.57185  2.27819e-05     -1.57116 -1.51879e-05
263506353   2.21857e-05 -0.000351801     -1.57185  2.27819e-05     -1.57116 -1.51879e-05
263525530   2.21857e-05 -0.000351801     -1.57185  2.27819e-05     -1.57116 -1.51879e-05
283364233   2.21857e-05 -0.000351801     -1.57185  2.27819e-05     -1.57116 -1.51879e-05
283419135   2.21857e-05 -0.000351801     -1.57185  2.27819e-05     -1.57116 -1.51879e-05
283439312   2.21857e-05 -0.000351801     -1.57185  2.27819e-05     -1.57116 -1.51879e-05
283458430   2.21857e-05 -0.000351801     -1.57185  2.37311e-05     -1.57116 -1.51879e-05
283477572   2.21857e-05 -0.000351801     -1.57185  2.37311e-05     -1.57116 -1.51879e-05
283496555   2.21857e-05 -0.000351801     -1.57185  2.37311e-05     -1.57116 -1.61372e-05
302910985   2.13933e-05 -0.000351801     -1.57185  2.37311e-05     -1.57116 -1.61372e-05
302965378   2.13933e-05 -0.000351801     -1.57185  2.37311e-05     -1.57116 -1.61372e-05
302985727   2.13933e-05 -0.000351801     -1.57185  2.37311e-05     -1.57116 -1.61372e-05
303005059   2.13933e-05 -0.000351801     -1.57185  2.37311e-05     -1.57116 -1.61372e-05
303024121   2.13933e-05 -0.000351801     -1.57185  2.37311e-05     -1.57116 -1.61372e-05
303043146   2.13933e-05 -0.000351801     -1.57185  2.37311e-05     -1.57116 -1.51879e-05
323197522   2.21857e-05 -0.000351801     -1.57185  2.37311e-05     -1.57116 -1.51879e-05
323255017   2.21857e-05 -0.000352594     -1.57185  2.37311e-05     -1.57116 -1.51879e-05
323275512   2.21857e-05 -0.000352594     -1.57185  2.37311e-05     -1.57116 -1.51879e-05
323294805   2.21857e-05 -0.000352594     -1.57185  2.46804e-05     -1.57116 -1.51879e-05
323313993   2.21857e-05 -0.000352594     -1.57185  2.46804e-05     -1.57116 -1.51879e-05
323333114   2.21857e-05 -0.000352594     -1.57185  2.46804e-05     -1.57116 -1.51879e-05
343321193   2.21857e-05 -0.000352594     -1.57185  2.46804e-05     -1.57116 -1.51879e-05
343377796   2.21857e-05 -0.000351801     -1.57185  2.46804e-05     -1.57116 -1.51879e-05
343398340   2.21857e-05 -0.000351801     -1.57185  2.46804e-05     -1.57116 -1.51879e-05
343417683   2.21857e-05 -0.000351801     -1.57185  2.37311e-05     -1.57116 -1.51879e-05
343436491   2.21857e-05 -0.000351801     -1.57185  2.37311e-05     -1.57116 -1.51879e-05
343455424   2.21857e-05 -0.000351801     -1.57185  2.37311e-05     -1.57116 -1.51879e-05
363688494   2.21857e-05 -0.000351801     -1.57185  2.37311e-05     -1.57116 -1.51879e-05
363743573   2.21857e-05 -0.000351801     -1.57185  2.37311e-05     -1.57116 -1.51879e-05
363763749   2.21857e-05 -0.000351801     -1.57185  2.37311e-05     -1.57116 -1.51879e-05
363783189   2.21857e-05 -0.000351801     -1.57185  2.37311e-05     -1.57116 -1.51879e-05
363802464   2.21857e-05 -0.000351801     -1.57185  2.37311e-05     -1.57116 -1.51879e-05
363878409   2.21857e-05 -0.000351801     -1.57185  2.37311e-05     -1.57116 -1.51879e-05
383435205   2.13933e-05 -0.000351801     -1.57185  2.37311e-05     -1.57116 -1.51879e-05
383489946   2.13933e-05 -0.000351801     -1.57185  2.37311e-05     -1.57116 -1.51879e-05
383510732   2.13933e-05 -0.000351801     -1.57186  2.37311e-05     -1.57116 -1.51879e-05
383530012   2.13933e-05 -0.000351801     -1.57186  2.37311e-05     -1.57116 -1.51879e-05
383549170   2.13933e-05 -0.000351801     -1.57186  2.37311e-05     -1.57116 -1.51879e-05
383568281   2.13933e-05 -0.000351801     -1.57186  2.37311e-05     -1.57116 -1.32894e-05
403186068    2.2978e-05 -0.000351801     -1.57186  2.37311e-05     -1.57116 -1.32894e-05
403241423    2.2978e-05 -0.000351801     -1.57186  2.37311e-05     -1.57116 -1.32894e-05
403261870    2.2978e-05 -0.000351801     -1.57185  2.37311e-05     -1.57116 -1.32894e-05
403281191    2.2978e-05 -0.000351801     -1.57185  2.46804e-05     -1.57116 -1.32894e-05
403300254    2.2978e-05 -0.000351801     -1.57185  2.46804e-05     -1.57116 -1.32894e-05
403319371    2.2978e-05 -0.000351801     -1.57185  2.46804e-05     -1.57116 -1.51879e-05
423191872    2.2978e-05 -0.000351801     -1.57185  2.46804e-05     -1.57116 -1.51879e-05
423248922    2.2978e-05 -0.000351801     -1.57185  2.46804e-05     -1.57116 -1.51879e-05
423269429    2.2978e-05 -0.000351801     -1.57185  2.46804e-05     -1.57116 -1.51879e-05
423288764    2.2978e-05 -0.000351801     -1.57185  2.46804e-05     -1.57116 -1.51879e-05
423307686    2.2978e-05 -0.000351801     -1.57185  2.46804e-05     -1.57116 -1.51879e-05
423326712    2.2978e-05 -0.000351801     -1.57185  2.46804e-05     -1.57116 -1.61372e-05
443197451   2.13933e-05 -0.000351801     -1.57185  2.46804e-05     -1.57116 -1.61372e-05
443252679   2.13933e-05 -0.000351009     -1.57185  2.46804e-05     -1.57116 -1.61372e-05
443272926   2.13933e-05 -0.000351009     -1.57185  2.46804e-05     -1.57116 -1.61372e-05
443292152   2.13933e-05 -0.000351009     -1.57185  2.27819e-05     -1.57116 -1.61372e-05
443311125   2.13933e-05 -0.000351009     -1.57185  2.27819e-05     -1.57116 -1.61372e-05
443330158   2.13933e-05 -0.000351009     -1.57185  2.27819e-05     -1.57116 -1.42387e-05
465268973   2.13933e-05 -0.000351009     -1.57185  2.27819e-05     -1.57116 -1.42387e-05
465322997   2.13933e-05 -0.000351009     -1.57185  2.27819e-05     -1.57116 -1.42387e-05
465343387   2.13933e-05 -0.000351009     -1.57186  2.27819e-05     -1.57116 -1.42387e-05
465362717   2.13933e-05 -0.000351009     -1.57186  2.37311e-05     -1.57116 -1.42387e-05
465381904   2.13933e-05 -0.000351009     -1.57186  2.37311e-05     -1.57116 -1.42387e-05
465401083   2.13933e-05 -0.000351009     -1.57186  2.37311e-05     -1.57116 -1.51879e-05
483272862   2.21857e-05 -0.000351009     -1.57186  2.37311e-05     -1.57116 -1.51879e-05
483327799   2.21857e-05 -0.000352594     -1.57186  2.37311e-05     -1.57116 -1.51879e-05
483348345   2.21857e-05 -0.000352594     -1.57185  2.37311e-05     -1.57116 -1.51879e-05
483367847   2.21857e-05 -0.000352594     -1.57185  2.27819e-05     -1.57116 -1.51879e-05
483387096   2.21857e-05 -0.000352594     -1.57185  2.27819e-05     -1.57116 -1.51879e-05
483406319   2.21857e-05 -0.000352594     -1.57185  2.27819e-05     -1.57116 -1.42387e-05
503071689   2.13933e-05 -0.000352594     -1.57185  2.27819e-05     -1.57116 -1.42387e-05
503128145   2.13933e-05 -0.000352594     -1.57185  2.27819e-05     -1.57116 -1.42387e-05
503148227   2.13933e-05 -0.000352594     -1.57185  2.27819e-05     -1.57116 -1.42387e-05
503167522   2.13933e-05 -0.000352594     -1.57185  2.37311e-05     -1.57116 -1.42387e-05
503186467   2.13933e-05 -0.000352594     -1.57185  2.37311e-05     -1.57116 -1.42387e-05
503205401   2.13933e-05 -0.000352594     -1.57185  2.37311e-05     -1.57116 -1.61372e-05
523094122   2.21857e-05 -0.000352594     -1.57185  2.37311e-05     -1.57116 -1.61372e-05
523149376   2.21857e-05 -0.000351009     -1.57185  2.37311e-05     -1.57116 -1.61372e-05
523170400   2.21857e-05 -0.000351009     -1.57185  2.37311e-05     -1.57116 -1.61372e-05
523189821   2.21857e-05 -0.000351009     -1.57185  2.27819e-05     -1.57116 -1.61372e-05
523209384   2.21857e-05 -0.000351009     -1.57185  2.27819e-05     -1.57116 -1.61372e-05
523229020   2.21857e-05 -0.000351009     -1.57185  2.27819e-05     -1.57116 -1.61372e-05
543265412   2.37704e-05 -0.000351009     -1.57185  2.27819e-05     -1.57116 -1.61372e-05
543320386   2.37704e-05 -0.000352594     -1.57185  2.27819e-05     -1.57116 -1.61372e-05
543340709   2.37704e-05 -0.000352594     -1.57186  2.27819e-05     -1.57116 -1.61372e-05
543359963   2.37704e-05 -0.000352594     -1.57186  2.37311e-05     -1.57116 -1.61372e-05
543378905   2.37704e-05 -0.000352594     -1.57186  2.37311e-05     -1.57116 -1.61372e-05
543397917   2.37704e-05 -0.000352594     -1.57186  2.37311e-05     -1.57116 -1.42387e-05
565548566   2.21857e-05 -0.000352594     -1.57186  2.37311e-05     -1.57116 -1.42387e-05
565602379   2.21857e-05 -0.000351801     -1.57186  2.37311e-05     -1.57116 -1.42387e-05
565623522   2.21857e-05 -0.000351801     -1.57186  2.37311e-05     -1.57116 -1.42387e-05
565642756   2.21857e-05 -0.000351801     -1.57186  2.37311e-05     -1.57116 -1.42387e-05
565661888   2.21857e-05 -0.000351801     -1.57186  2.37311e-05     -1.57116 -1.42387e-05
565681035   2.21857e-05 -0.000351801     -1.57186  2.37311e-05     -1.57116 -1.42387e-05
583384430   2.21857e-05 -0.000351801     -1.57186  2.37311e-05     -1.57116 -1.42387e-05
583440969   2.21857e-05 -0.000351801     -1.57186  2.37311e-05     -1.57116 -1.42387e-05
583461045   2.21857e-05 -0.000351801     -1.57186  2.37311e-05     -1.57116 -1.42387e-05
583480313   2.21857e-05 -0.000351801     -1.57186  2.37311e-05     -1.57116 -1.42387e-05
583499313   2.21857e-05 -0.000351801     -1.57186  2.37311e-05     -1.57116 -1.42387e-05
583518258   2.21857e-05 -0.000351801     -1.57186  2.37311e-05     -1.57116 -1.51879e-05
603006134   2.13933e-05 -0.000351801     -1.57186  2.37311e-05     -1.57116 -1.51879e-05
603060586   2.13933e-05 -0.000351009     -1.57186  2.37311e-05     -1.57116 -1.51879e-05
603080693   2.13933e-05 -0.000351009     -1.57185  2.37311e-05     -1.57116 -1.51879e-05
603100245   2.13933e-05 -0.000351009     -1.57185  2.27819e-05     -1.57116 -1.51879e-05
603119536   2.13933e-05 -0.000351009     -1.57185  2.27819e-05     -1.57116 -1.51879e-05
603138465   2.13933e-05 -0.000351009     -1.57185  2.27819e-05     -1.57116 -1.51879e-05
622970634   2.21857e-05 -0.000351009     -1.57185  2.27819e-05     -1.57116 -1.51879e-05
623026735   2.21857e-05 -0.000352594     -1.57185  2.27819e-05     -1.57116 -1.51879e-05
623047459   2.21857e-05 -0.000352594     -1.57185  2.27819e-05     -1.57116 -1.51879e-05
623066815   2.21857e-05 -0.000352594     -1.57185  2.27819e-05     -1.57116 -1.51879e-05
623085653   2.21857e-05 -0.000352594     -1.57185  2.27819e-05     -1.57116 -1.51879e-05
623104697   2.21857e-05 -0.000352594     -1.57185  2.27819e-05     -1.57116 -1.42387e-05
643382557   2.13933e-05 -0.000352594     -1.57185  2.27819e-05     -1.57116 -1.42387e-05
643437500   2.13933e-05 -0.000351009     -1.57185  2.27819e-05     -1.57116 -1.42387e-05
643457884   2.13933e-05 -0.000351009     -1.57185  2.27819e-05     -1.57116 -1.42387e-05
643477254   2.13933e-05 -0.000351009     -1.57185  2.46804e-05     -1.57116 -1.42387e-05
643496256   2.13933e-05 -0.000351009     -1.57185  2.46804e-05     -1.57116 -1.42387e-05
643515328   2.13933e-05 -0.000351009     -1.57185  2.46804e-05     -1.57116 -1.42387e-05
663393596    2.2978e-05 -0.000351009     -1.57185  2.46804e-05     -1.57116 -1.42387e-05
663450247    2.2978e-05 -0.000352594     -1.57185  2.46804e-05     -1.57116 -1.42387e-05
663470854    2.2978e-05 -0.000352594     -1.57185  2.46804e-05     -1.57116 -1.42387e-05
663489965    2.2978e-05 -0.000352594     -1.57185  2.27819e-05     -1.57116 -1.42387e-05
663508842    2.2978e-05 -0.000352594     -1.57185  2.27819e-05     -1.57116 -1.42387e-05
663527893    2.2978e-05 -0.000352594     -1.57185  2.27819e-05     -1.57116 -1.42387e-05
683168455   2.13933e-05 -0.000352594     -1.57185  2.27819e-05     -1.57116 -1.42387e-05
683284203   2.13933e-05 -0.000351801     -1.57185  2.27819e-05     -1.57116 -1.42387e-05
683319465   2.13933e-05 -0.000351801     -1.57185  2.27819e-05     -1.57116 -1.42387e-05
683352920   2.13933e-05 -0.000351801     -1.57185  2.56296e-05     -1.57116 -1.42387e-05
683383262   2.13933e-05 -0.000351801     -1.57185  2.56296e-05     -1.57116 -1.42387e-05
683416353   2.13933e-05 -0.000351801     -1.57185  2.56296e-05     -1.57116 -1.51879e-05
702863843   2.21857e-05 -0.000351801     -1.57185  2.56296e-05     -1.57116 -1.51879e-05
702918574   2.21857e-05 -0.000351801     -1.57185  2.56296e-05     -1.57116 -1.51879e-05
702938869   2.21857e-05 -0.000351801     -1.57186  2.56296e-05     -1.57116 -1.51879e-05
702958788   2.21857e-05 -0.000351801     -1.57186  2.27819e-05     -1.57116 -1.51879e-05
702978251   2.21857e-05 -0.000351801     -1.57186  2.27819e-05     -1.57116 -1.51879e-05
702997974   2.21857e-05 -0.000351801     -1.57186  2.27819e-05     -1.57116 -1.42387e-05
723464724    2.2978e-05 -0.000351801     -1.57186  2.27819e-05     -1.57116 -1.42387e-05
723520627    2.2978e-05 -0.000351801     -1.57186  2.27819e-05     -1.57116 -1.42387e-05
723541041    2.2978e-05 -0.000351801     -1.57186  2.27819e-05     -1.57116 -1.42387e-05
723560800    2.2978e-05 -0.000351801     -1.57186  2.37311e-05     -1.57116 -1.42387e-05
723580242    2.2978e-05 -0.000351801     -1.57186  2.37311e-05     -1.57116 -1.42387e-05
723599220    2.2978e-05 -0.000351801     -1.57186  2.37311e-05     -1.57116 -1.42387e-05
743325982   2.21857e-05 -0.000351801     -1.57186  2.37311e-05     -1.57116 -1.42387e-05
743382126   2.21857e-05 -0.000351009     -1.57186  2.37311e-05     -1.57116 -1.42387e-05
743402589   2.21857e-05 -0.000351009     -1.57186  2.37311e-05     -1.57116 -1.42387e-05
743421890   2.21857e-05 -0.000351009     -1.57186  2.37311e-05     -1.57116 -1.42387e-05
743440932   2.21857e-05 -0.000351009     -1.57186  2.37311e-05     -1.57116 -1.42387e-05
743459969   2.21857e-05 -0.000351009     -1.57186  2.37311e-05     -1.57116 -1.51879e-05
768078023    2.2978e-05 -0.000351009     -1.57186  2.37311e-05     -1.57116 -1.51879e-05
768134745    2.2978e-05 -0.000351801     -1.57186  2.37311e-05     -1.57116 -1.51879e-05
768155894    2.2978e-05 -0.000351801     -1.57185  2.37311e-05     -1.57116 -1.51879e-05
768175517    2.2978e-05 -0.000351801     -1.57185  2.37311e-05     -1.57116 -1.51879e-05
768194601    2.2978e-05 -0.000351801     -1.57185  2.37311e-05     -1.57116 -1.51879e-05
768213756    2.2978e-05 -0.000351801     -1.57185  2.37311e-05     -1.57116 -1.51879e-05
783127488   2.21857e-05 -0.000351801     -1.57185  2.37311e-05     -1.57116 -1.51879e-05
783180895   2.21857e-05 -0.000351009     -1.57185  2.37311e-05     -1.57116 -1.51879e-05
783201475   2.21857e-05 -0.000351009     -1.57185  2.37311e-05     -1.57116 -1.51879e-05
783220422   2.21857e-05 -0.000351009     -1.57185  2.37311e-05     -1.57116 -1.51879e-05
783239603   2.21857e-05 -0.000351009     -1.57185  2.37311e-05     -1.57116 -1.51879e-05
783258776   2.21857e-05 -0.000351009     -1.57185  2.37311e-05     -1.57116 -1.51879e-05
802522359    2.2978e-05 -0.000351009     -1.57185  2.37311e-05     -1.57116 -1.51879e-05
802557700    2.2978e-05 -0.000351009     -1.57185  2.37311e-05     -1.57116 -1.51879e-05
802572787    2.2978e-05 -0.000351009     -1.57185  2.37311e-05     -1.57116 -1.51879e-05
802584226    2.2978e-05 -0.000351009     -1.57185  2.27819e-05     -1.57116 -1.51879e-05
802595528    2.2978e-05 -0.000351009     -1.57185  2.27819e-05     -1.57116 -1.51879e-05
802606870    2.2978e-05 -0.000351009     -1.57185  2.27819e-05     -1.57116 -1.61372e-05
823379596   2.21857e-05 -0.000351009     -1.57185  2.27819e-05     -1.57116 -1.61372e-05
823467692   2.21857e-05 -0.000352594     -1.57185  2.27819e-05     -1.57116 -1.61372e-05
823486416   2.21857e-05 -0.000352594     -1.57185  2.27819e-05     -1.57116 -1.61372e-05
823504453   2.21857e-05 -0.000352594     -1.57185  2.27819e-05     -1.57116 -1.61372e-05
823522269   2.21857e-05 -0.000352594     -1.57185  2.27819e-05     -1.57116 -1.61372e-05
823540086   2.21857e-05 -0.000352594     -1.57185  2.27819e-05     -1.57116 -1.51879e-05
843249136    2.2978e-05 -0.000352594     -1.57185  2.27819e-05     -1.57116 -1.51879e-05
843304710    2.2978e-05 -0.000352594     -1.57185  2.27819e-05     -1.57116 -1.51879e-05
843325248    2.2978e-05 -0.000352594     -1.57185  2.27819e-05     -1.57116 -1.51879e-05
843344743    2.2978e-05 -0.000352594     -1.57185  2.37311e-05     -1.57116 -1.51879e-05
843363958    2.2978e-05 -0.000352594     -1.57185  2.37311e-05     -1.57116 -1.51879e-05
843382975    2.2978e-05 -0.000352594     -1.57185  2.37311e-05     -1.57116 -1.51879e-05
868698297   2.13933e-05 -0.000352594     -1.57185  2.37311e-05     -1.57116 -1.51879e-05
868755722   2.13933e-05 -0.000352594     -1.57185  2.37311e-05     -1.57116 -1.51879e-05
868775752   2.13933e-05 -0.000352594     -1.57185  2.37311e-05     -1.57116 -1.51879e-05
868795209   2.13933e-05 -0.000352594     -1.57185  2.56296e-05     -1.57116 -1.51879e-05
868814172   2.13933e-05 -0.000352594     -1.57185  2.56296e-05     -1.57116 -1.51879e-05
868833167   2.13933e-05 -0.000352594     -1.57185  2.56296e-05     -1.57116 -1.61372e-05
883009613   2.21857e-05 -0.000352594     -1.57185  2.56296e-05     -1.57116 -1.61372e-05
883067295   2.21857e-05 -0.000351801     -1.57185  2.56296e-05     -1.57116 -1.61372e-05
883087943   2.21857e-05 -0.000351801     -1.57185  2.56296e-05     -1.57116 -1.61372e-05
883107367   2.21857e-05 -0.000351801     -1.57185  2.37311e-05     -1.57116 -1.61372e-05
883126485   2.21857e-05 -0.000351801     -1.57185  2.37311e-05     -1.57116 -1.61372e-05
883145741   2.21857e-05 -0.000351801     -1.57185  2.37311e-05     -1.57116 -1.51879e-05
902829277    2.2978e-05 -0.000351801     -1.57185  2.37311e-05     -1.57116 -1.51879e-05
902883311    2.2978e-05 -0.000351009     -1.57185  2.37311e-05     -1.57116 -1.51879e-05
902903994    2.2978e-05 -0.000351009     -1.57185  2.37311e-05     -1.57116 -1.51879e-05
902923217    2.2978e-05 -0.000351009     -1.57185  2.37311e-05     -1.57116 -1.51879e-05
902942211    2.2978e-05 -0.000351009     -1.57185  2.37311e-05     -1.57116 -1.51879e-05
902961236    2.2978e-05 -0.000351009     -1.57185  2.37311e-05     -1.57116 -1.51879e-05
923261165   2.21857e-05 -0.000351009     -1.57185  2.37311e-05     -1.57116 -1.51879e-05
923315609   2.21857e-05 -0.000351009     -1.57185  2.37311e-05     -1.57116 -1.51879e-05
923335502   2.21857e-05 -0.000351009     -1.57185  2.37311e-05     -1.57116 -1.51879e-05
923354584   2.21857e-05 -0.000351009     -1.57185  2.46804e-05     -1.57116 -1.51879e-05
923373579   2.21857e-05 -0.000351009     -1.57185  2.46804e-05     -1.57116 -1.51879e-05
923392527   2.21857e-05 -0.000351009     -1.57185  2.46804e-05     -1.57116 -1.51879e-05
947225092   2.21857e-05 -0.000351009     -1.57185  2.46804e-05     -1.57116 -1.51879e-05
947277006   2.21857e-05 -0.000351801     -1.57185  2.46804e-05     -1.57116 -1.51879e-05
947298126   2.21857e-05 -0.000351801     -1.57186  2.46804e-05     -1.57116 -1.51879e-05
947317512   2.21857e-05 -0.000351801     -1.57186  2.37311e-05     -1.57116 -1.51879e-05
947336868   2.21857e-05 -0.000351801     -1.57186  2.37311e-05     -1.57116 -1.51879e-05
947355946   2.21857e-05 -0.000351801     -1.57186  2.37311e-05     -1.57116 -1.61372e-05
963198157   2.21857e-05 -0.000351801     -1.57186  2.37311e-05     -1.57116 -1.61372e-05
963254108   2.21857e-05 -0.000377949     -1.57186  2.37311e-05     -1.57116 -1.61372e-05
963274156   2.21857e-05 -0.000377949     -1.57186  2.37311e-05     -1.57116 -1.61372e-05
963293255   2.21857e-05 -0.000377949     -1.57186  3.51221e-05     -1.57116 -1.61372e-05
963312183   2.21857e-05 -0.000377949     -1.57186  3.51221e-05     -1.57116 -1.61372e-05
963330959   2.21857e-05 -0.000377949     -1.57186  3.51221e-05     -1.57116 -1.61372e-05
983105059    2.2978e-05 -0.000377949     -1.57186  3.51221e-05     -1.57116 -1.61372e-05
983183834    2.2978e-05 -0.000388249     -1.57186  3.51221e-05     -1.57116 -1.61372e-05
983218851    2.2978e-05 -0.000388249     -1.57186  3.51221e-05     -1.57116 -1.61372e-05
983331364    2.2978e-05 -0.000388249     -1.57186  5.31577e-05     -1.57116 -1.61372e-05
983370345    2.2978e-05 -0.000388249     -1.57186  5.31577e-05     -1.57115 -1.61372e-05
983399167    2.2978e-05 -0.000388249     -1.57186  5.31577e-05     -1.57115 -1.51879e-05
3234952    2.2978e-05 -0.000388249     -1.57186  5.31577e-05     -1.57115 -1.51879e-05
3321516    2.2978e-05 -0.000392211     -1.57186  5.31577e-05     -1.57115 -1.51879e-05
3341890    2.2978e-05 -0.000392211     -1.57185  5.31577e-05     -1.57115 -1.51879e-05
3361218    2.2978e-05 -0.000392211     -1.57185  6.07517e-05     -1.57115 -1.51879e-05
3380428    2.2978e-05 -0.000392211     -1.57185  6.07517e-05     -1.57114 -1.51879e-05
3399412    2.2978e-05 -0.000392211     -1.57185  6.07517e-05     -1.57114 -1.70864e-05
23108117   2.21857e-05 -0.000392211     -1.57185  6.07517e-05     -1.57114 -1.70864e-05
23164646   2.21857e-05 -0.000392211     -1.57185  6.07517e-05     -1.57114 -1.70864e-05
23185377   2.21857e-05 -0.000392211     -1.57184  6.07517e-05     -1.57114 -1.70864e-05
23204939   2.21857e-05 -0.000392211     -1.57184  6.73964e-05     -1.57114 -1.70864e-05
23223918   2.21857e-05 -0.000392211     -1.57184  6.73964e-05     -1.57109 -1.70864e-05
23242839   2.21857e-05 -0.000392211     -1.57184  6.73964e-05     -1.57109 -1.61372e-05
43288535    2.2978e-05 -0.000392211     -1.57184  6.73964e-05     -1.57109 -1.61372e-05
43344011    2.2978e-05 -0.000392211     -1.57184  6.73964e-05     -1.57109 -1.61372e-05
43367921    2.2978e-05 -0.000392211     -1.57181  6.73964e-05     -1.57109 -1.61372e-05
43443268    2.2978e-05 -0.000392211     -1.57181  7.30919e-05     -1.57109 -1.61372e-05
43463190    2.2978e-05 -0.000392211     -1.57181  7.30919e-05     -1.57094 -1.61372e-05
43482655    2.2978e-05 -0.000392211     -1.57181  7.30919e-05     -1.57094 -1.70864e-05
64013526    2.2978e-05 -0.000392211     -1.57181  7.30919e-05     -1.57094 -1.70864e-05
64078778    2.2978e-05 -0.000393003     -1.57181  7.30919e-05     -1.57094 -1.70864e-05
64128814    2.2978e-05 -0.000393003      -1.5717  7.30919e-05     -1.57094 -1.70864e-05
64149170    2.2978e-05 -0.000393003      -1.5717  7.21427e-05     -1.57094 -1.70864e-05
64168730    2.2978e-05 -0.000393003      -1.5717  7.21427e-05     -1.57063 -1.70864e-05
64187985    2.2978e-05 -0.000393003      -1.5717  7.21427e-05     -1.57063 -1.70864e-05
83067841   2.21857e-05 -0.000393003      -1.5717  7.21427e-05     -1.57063 -1.70864e-05
83128170   2.21857e-05 -0.000392211      -1.5717  7.21427e-05     -1.57063 -1.70864e-05
83148828   2.21857e-05 -0.000392211     -1.57148  7.21427e-05     -1.57063 -1.70864e-05
83168244   2.21857e-05 -0.000392211     -1.57148  7.49904e-05     -1.57063 -1.70864e-05
83187281   2.21857e-05 -0.000392211     -1.57148  7.49904e-05     -1.57018 -1.70864e-05
83206529   2.21857e-05 -0.000392211     -1.57148  7.49904e-05     -1.57018 -1.61372e-05
102950859   2.21857e-05 -0.000392211     -1.57148  7.49904e-05     -1.57018 -1.61372e-05
103005133   2.21857e-05 -0.000393003     -1.57148  7.49904e-05     -1.57018 -1.61372e-05
103025741   2.21857e-05 -0.000393003     -1.57108  7.49904e-05     -1.57018 -1.61372e-05
103045011   2.21857e-05 -0.000393003     -1.57108  7.87874e-05     -1.57018 -1.61372e-05
103063937   2.21857e-05 -0.000393003     -1.57108  7.87874e-05     -1.56954 -1.61372e-05
103083021   2.21857e-05 -0.000393003     -1.57108  7.87874e-05     -1.56954 -1.80357e-05
123228082   2.21857e-05 -0.000393003     -1.57108  7.87874e-05     -1.56954 -1.80357e-05
123284080   2.21857e-05 -0.000393796     -1.57108  7.87874e-05     -1.56954 -1.80357e-05
123304775   2.21857e-05 -0.000393796     -1.57047  7.87874e-05     -1.56954 -1.80357e-05
123324076   2.21857e-05 -0.000393796     -1.57047  8.06859e-05     -1.56954 -1.80357e-05
123343029   2.21857e-05 -0.000393796     -1.57047  8.06859e-05     -1.56869 -1.80357e-05
123361861   2.21857e-05 -0.000393796     -1.57047  8.06859e-05     -1.56869 -1.61372e-05
143207863   2.21857e-05 -0.000393796     -1.57047  8.06859e-05     -1.56869 -1.61372e-05
143264191   2.21857e-05 -0.000393003     -1.57047  8.06859e-05     -1.56869 -1.61372e-05
143284404   2.21857e-05 -0.000393003     -1.56965  8.06859e-05     -1.56869 -1.61372e-05
143303803   2.21857e-05 -0.000393003     -1.56965  8.35336e-05     -1.56869 -1.61372e-05
143323130   2.21857e-05 -0.000393003     -1.56965  8.35336e-05     -1.56767 -1.61372e-05
143342227   2.21857e-05 -0.000393003     -1.56965  8.35336e-05     -1.56767 -1.70864e-05
163268441   2.21857e-05 -0.000393003     -1.56965  8.35336e-05     -1.56767 -1.70864e-05
163322749   2.21857e-05 -0.000393003     -1.56965  8.35336e-05     -1.56767 -1.70864e-05
163342966   2.21857e-05 -0.000393003     -1.56864  8.35336e-05     -1.56767 -1.70864e-05
163362259   2.21857e-05 -0.000393003     -1.56864  8.44829e-05     -1.56767 -1.70864e-05
163381146   2.21857e-05 -0.000393003     -1.56864  8.44829e-05     -1.56641 -1.70864e-05
163399989   2.21857e-05 -0.000393003     -1.56864  8.44829e-05     -1.56641 -1.70864e-05
183103977   2.21857e-05 -0.000393003     -1.56864  8.44829e-05     -1.56641 -1.70864e-05
183161015   2.21857e-05 -0.000394588     -1.56864  8.44829e-05     -1.56641 -1.70864e-05
183180999   2.21857e-05 -0.000394588     -1.56739  8.44829e-05     -1.56641 -1.70864e-05
183200421   2.21857e-05 -0.000394588     -1.56739  9.58738e-05     -1.56641 -1.70864e-05
183219368   2.21857e-05 -0.000394588     -1.56739  9.58738e-05     -1.56487 -1.70864e-05
183238375   2.21857e-05 -0.000394588     -1.56739  9.58738e-05     -1.56487 -1.70864e-05
203238709    2.2978e-05 -0.000394588     -1.56739  9.58738e-05     -1.56487 -1.70864e-05
203330863    2.2978e-05 -0.000396173     -1.56739  9.58738e-05     -1.56487 -1.70864e-05
203378666    2.2978e-05 -0.000396173      -1.5658  9.58738e-05     -1.56487 -1.70864e-05
203399218    2.2978e-05 -0.000396173      -1.5658  9.77723e-05     -1.56487 -1.70864e-05
203419031    2.2978e-05 -0.000396173      -1.5658  9.77723e-05     -1.56323 -1.70864e-05
203438560    2.2978e-05 -0.000396173      -1.5658  9.77723e-05     -1.56323 -1.70864e-05
223219172    2.2978e-05 -0.000396173      -1.5658  9.77723e-05     -1.56323 -1.70864e-05
223274951    2.2978e-05 -0.000397757      -1.5658  9.77723e-05     -1.56323 -1.70864e-05
223295585    2.2978e-05 -0.000397757     -1.56398  9.77723e-05     -1.56323 -1.70864e-05
223314713    2.2978e-05 -0.000397757     -1.56398   0.00010062     -1.56323 -1.70864e-05
223333948    2.2978e-05 -0.000397757     -1.56398   0.00010062     -1.56148 -1.70864e-05
223352992    2.2978e-05 -0.000397757     -1.56398   0.00010062     -1.56148 -1.61372e-05
243145508   2.21857e-05 -0.000397757     -1.56398   0.00010062     -1.56148 -1.61372e-05
243202932   2.21857e-05 -0.000397757     -1.56398   0.00010062     -1.56148 -1.61372e-05
243223654   2.21857e-05 -0.000397757     -1.56195   0.00010062     -1.56148 -1.61372e-05
243243818   2.21857e-05 -0.000397757     -1.56195  0.000103468     -1.56148 -1.61372e-05
243263588   2.21857e-05 -0.000397757     -1.56195  0.000103468     -1.55956 -1.61372e-05
243283343   2.21857e-05 -0.000397757     -1.56195  0.000103468     -1.55956 -1.70864e-05
264946976    2.2978e-05 -0.000397757     -1.56195  0.000103468     -1.55956 -1.70864e-05
265003961    2.2978e-05 -0.000396965     -1.56195  0.000103468     -1.55956 -1.70864e-05
265024624    2.2978e-05 -0.000396965     -1.55966  0.000103468     -1.55956 -1.70864e-05
265063963    2.2978e-05 -0.000396965     -1.55966  0.000102519     -1.55956 -1.70864e-05
265085643    2.2978e-05 -0.000396965     -1.55966  0.000102519     -1.55733 -1.70864e-05
265105790    2.2978e-05 -0.000396965     -1.55966  0.000102519     -1.55733 -1.70864e-05
283114244   2.21857e-05 -0.000396965     -1.55966  0.000102519     -1.55733 -1.70864e-05
283170629   2.21857e-05 -0.000397757     -1.55966  0.000102519     -1.55733 -1.70864e-05
283189881   2.21857e-05 -0.000397757     -1.55756  0.000102519     -1.55733 -1.70864e-05
283207629   2.21857e-05 -0.000397757     -1.55756  0.000103468     -1.55733 -1.70864e-05
283225594   2.21857e-05 -0.000397757     -1.55756  0.000103468     -1.55522 -1.70864e-05
283243566   2.21857e-05 -0.000397757     -1.55756  0.000103468     -1.55522 -1.70864e-05
303157761   2.13933e-05 -0.000397757     -1.55756  0.000103468     -1.55522 -1.70864e-05
303212199   2.13933e-05 -0.000399342     -1.55756  0.000103468     -1.55522 -1.70864e-05
303232189   2.13933e-05 -0.000399342     -1.55517  0.000103468     -1.55522 -1.70864e-05
303251479   2.13933e-05 -0.000399342     -1.55517  0.000102519     -1.55522 -1.70864e-05
303270673   2.13933e-05 -0.000399342     -1.55517  0.000102519     -1.55284 -1.70864e-05
303289641   2.13933e-05 -0.000399342     -1.55517  0.000102519     -1.55284 -1.70864e-05
323173669   2.21857e-05 -0.000399342     -1.55517  0.000102519     -1.55284 -1.70864e-05
323229435   2.21857e-05  -0.00039855     -1.55517  0.000102519     -1.55284 -1.70864e-05
323250473   2.21857e-05  -0.00039855     -1.55261  0.000102519     -1.55284 -1.70864e-05
323270359   2.21857e-05  -0.00039855     -1.55261  0.000103468     -1.55284 -1.70864e-05
323289850   2.21857e-05  -0.00039855     -1.55261  0.000103468     -1.55029 -1.70864e-05
323309354   2.21857e-05  -0.00039855     -1.55261  0.000103468     -1.55029 -1.61372e-05
343141420    2.2978e-05  -0.00039855     -1.55261  0.000103468     -1.55029 -1.61372e-05
343196970    2.2978e-05 -0.000399342     -1.55261  0.000103468     -1.55029 -1.61372e-05
343217955    2.2978e-05 -0.000399342     -1.54986  0.000103468     -1.55029 -1.61372e-05
343237658    2.2978e-05 -0.000399342     -1.54986  0.000103468     -1.55029 -1.61372e-05
343257032    2.2978e-05 -0.000399342     -1.54986  0.000103468     -1.54764 -1.61372e-05
343276267    2.2978e-05 -0.000399342     -1.54986  0.000103468     -1.54764 -1.70864e-05
363289888    2.2978e-05 -0.000399342     -1.54986  0.000103468     -1.54764 -1.70864e-05
363344066    2.2978e-05 -0.000399342     -1.54986  0.000103468     -1.54764 -1.70864e-05
363364901    2.2978e-05 -0.000399342     -1.54687  0.000103468     -1.54764 -1.70864e-05
363384859    2.2978e-05 -0.000399342     -1.54687  0.000103468     -1.54764 -1.70864e-05
363404090    2.2978e-05 -0.000399342     -1.54687  0.000103468      -1.5449 -1.70864e-05
363423865    2.2978e-05 -0.000399342     -1.54687  0.000103468      -1.5449 -1.70864e-05
383328662   2.21857e-05 -0.000399342     -1.54687  0.000103468      -1.5449 -1.70864e-05
383384416   2.21857e-05 -0.000400134     -1.54687  0.000103468      -1.5449 -1.70864e-05
383405215   2.21857e-05 -0.000400134     -1.54363  0.000103468      -1.5449 -1.70864e-05
383424975   2.21857e-05 -0.000400134     -1.54363  0.000105366      -1.5449 -1.70864e-05
383444768   2.21857e-05 -0.000400134     -1.54363  0.000105366     -1.54185 -1.70864e-05
383464855   2.21857e-05 -0.000400134     -1.54363  0.000105366     -1.54185 -1.61372e-05
403247959   2.13933e-05 -0.000400134     -1.54363  0.000105366     -1.54185 -1.61372e-05
403330774   2.13933e-05 -0.000400134     -1.54363  0.000105366     -1.54185 -1.61372e-05
403351174   2.13933e-05 -0.000400134     -1.54038  0.000105366     -1.54185 -1.61372e-05
403370627   2.13933e-05 -0.000400134     -1.54038  0.000103468     -1.54185 -1.61372e-05
403389798   2.13933e-05 -0.000400134     -1.54038  0.000103468     -1.53862 -1.61372e-05
403409199   2.13933e-05 -0.000400134     -1.54038  0.000103468     -1.53862 -1.61372e-05
423226363   2.21857e-05 -0.000400134     -1.54038  0.000103468     -1.53862 -1.61372e-05
423318777   2.21857e-05 -0.000400134     -1.54038  0.000103468     -1.53862 -1.61372e-05
423339458   2.21857e-05 -0.000400134       -1.537  0.000103468     -1.53862 -1.61372e-05
423359667   2.21857e-05 -0.000400134       -1.537  0.000103468     -1.53862 -1.61372e-05
423379239   2.21857e-05 -0.000400134       -1.537  0.000103468     -1.53545 -1.61372e-05
423398716   2.21857e-05 -0.000400134       -1.537  0.000103468     -1.53545 -1.61372e-05
443290212    2.2978e-05 -0.000400134       -1.537  0.000103468     -1.53545 -1.61372e-05
443349710    2.2978e-05 -0.000400134       -1.537  0.000103468     -1.53545 -1.61372e-05
443370003    2.2978e-05 -0.000400134     -1.53351  0.000103468     -1.53545 -1.61372e-05
443389344    2.2978e-05 -0.000400134     -1.53351  0.000103468     -1.53545 -1.61372e-05
443408656    2.2978e-05 -0.000400134     -1.53351  0.000103468     -1.53195 -1.61372e-05
443427896    2.2978e-05 -0.000400134     -1.53351  0.000103468     -1.53195 -1.51879e-05
465604301   2.21857e-05 -0.000400134     -1.53351  0.000103468     -1.53195 -1.51879e-05
465703367   2.21857e-05 -0.000400927     -1.53351  0.000103468     -1.53195 -1.51879e-05
465724257   2.21857e-05 -0.000400927     -1.52949  0.000103468     -1.53195 -1.51879e-05
465743962   2.21857e-05 -0.000400927     -1.52949   0.00010062     -1.53195 -1.51879e-05
465797129   2.21857e-05 -0.000400927     -1.52949   0.00010062     -1.52801 -1.51879e-05
465816825   2.21857e-05 -0.000400927     -1.52949   0.00010062     -1.52801 -1.70864e-05
485149293   2.21857e-05 -0.000400927     -1.52949   0.00010062     -1.52801 -1.70864e-05
485204597   2.21857e-05 -0.000400927     -1.52949   0.00010062     -1.52801 -1.70864e-05
485225094   2.21857e-05 -0.000400927     -1.52585   0.00010062     -1.52801 -1.70864e-05
485244875   2.21857e-05 -0.000400927     -1.52585  0.000102519     -1.52801 -1.70864e-05
485294704   2.21857e-05 -0.000400927     -1.52585  0.000102519     -1.52436 -1.70864e-05
485314935   2.21857e-05 -0.000400927     -1.52585  0.000102519     -1.52436 -1.70864e-05
503215572   2.21857e-05 -0.000400927     -1.52585  0.000102519     -1.52436 -1.70864e-05
503269113   2.21857e-05 -0.000400927     -1.52585  0.000102519     -1.52436 -1.70864e-05
503290005   2.21857e-05 -0.000400927     -1.52226  0.000102519     -1.52436 -1.70864e-05
503309599   2.21857e-05 -0.000400927     -1.52226  0.000102519     -1.52436 -1.70864e-05
503329080   2.21857e-05 -0.000400927     -1.52226  0.000102519     -1.52079 -1.70864e-05
503351504   2.21857e-05 -0.000400927     -1.52226  0.000102519     -1.52079 -1.51879e-05
525502883   2.21857e-05 -0.000400927     -1.52226  0.000102519     -1.52079 -1.51879e-05
525557288   2.21857e-05 -0.000401719     -1.52226  0.000102519     -1.52079 -1.51879e-05
525578214   2.21857e-05 -0.000401719     -1.51756  0.000102519     -1.52079 -1.51879e-05
525597762   2.21857e-05 -0.000401719     -1.51756  0.000105366     -1.52079 -1.51879e-05
525617124   2.21857e-05 -0.000401719     -1.51756  0.000105366     -1.51623 -1.51879e-05
525636438   2.21857e-05 -0.000401719     -1.51756  0.000105366     -1.51623 -1.61372e-05
543163260    2.2978e-05 -0.000401719     -1.51756  0.000105366     -1.51623 -1.61372e-05
543219691    2.2978e-05 -0.000400927     -1.51756  0.000105366     -1.51623 -1.61372e-05
543240610    2.2978e-05 -0.000400927     -1.51367  0.000105366     -1.51623 -1.61372e-05
543260221    2.2978e-05 -0.000400927     -1.51367   0.00010062     -1.51623 -1.61372e-05
543279849    2.2978e-05 -0.000400927     -1.51367   0.00010062     -1.51251 -1.61372e-05
543299525    2.2978e-05 -0.000400927     -1.51367   0.00010062     -1.51251 -1.61372e-05
563401912   2.21857e-05 -0.000400927     -1.51367   0.00010062     -1.51251 -1.61372e-05
563457167   2.21857e-05 -0.000401719     -1.51367   0.00010062     -1.51251 -1.61372e-05
563477562   2.21857e-05 -0.000401719     -1.50916   0.00010062     -1.51251 -1.61372e-05
563497593   2.21857e-05 -0.000401719     -1.50916   0.00010062     -1.51251 -1.61372e-05
563517347   2.21857e-05 -0.000401719     -1.50916   0.00010062     -1.50799 -1.61372e-05
563536811   2.21857e-05 -0.000401719     -1.50916   0.00010062     -1.50799 -1.70864e-05
582757148   2.21857e-05 -0.000401719     -1.50916   0.00010062     -1.50799 -1.70864e-05
582801068   2.21857e-05 -0.000400927     -1.50916   0.00010062     -1.50799 -1.70864e-05
582821396   2.21857e-05 -0.000400927      -1.5047   0.00010062     -1.50799 -1.70864e-05
582841391   2.21857e-05 -0.000400927      -1.5047  0.000102519     -1.50799 -1.70864e-05
582861197   2.21857e-05 -0.000400927      -1.5047  0.000102519     -1.50368 -1.70864e-05
582880697   2.21857e-05 -0.000400927      -1.5047  0.000102519     -1.50368 -1.70864e-05
603243603    2.2978e-05 -0.000400927      -1.5047  0.000102519     -1.50368 -1.70864e-05
603300167    2.2978e-05 -0.000401719      -1.5047  0.000102519     -1.50368 -1.70864e-05
603438458    2.2978e-05 -0.000401719     -1.50005  0.000102519     -1.50368 -1.70864e-05
603461716    2.2978e-05 -0.000401719     -1.50005  9.96708e-05     -1.50368 -1.70864e-05
603481788    2.2978e-05 -0.000401719     -1.50005  9.96708e-05     -1.49895 -1.70864e-05
603501029    2.2978e-05 -0.000401719     -1.50005  9.96708e-05     -1.49895 -1.70864e-05
623865369    2.2978e-05 -0.000401719     -1.50005  9.96708e-05     -1.49895 -1.70864e-05
623921994    2.2978e-05 -0.000400134     -1.50005  9.96708e-05     -1.49895 -1.70864e-05
623942110    2.2978e-05 -0.000400134     -1.49509  9.96708e-05     -1.49895 -1.70864e-05
623961867    2.2978e-05 -0.000400134     -1.49509   9.6823e-05     -1.49895 -1.70864e-05
623981531    2.2978e-05 -0.000400134     -1.49509   9.6823e-05     -1.49391 -1.70864e-05
624001157    2.2978e-05 -0.000400134     -1.49509   9.6823e-05     -1.49391 -1.89849e-05
643546655   2.21857e-05 -0.000400134     -1.49509   9.6823e-05     -1.49391 -1.89849e-05
643601294   2.21857e-05 -0.000402511     -1.49509   9.6823e-05     -1.49391 -1.89849e-05
643621392   2.21857e-05 -0.000402511     -1.49003   9.6823e-05     -1.49391 -1.89849e-05
643640889   2.21857e-05 -0.000402511     -1.49003  0.000102519     -1.49391 -1.89849e-05
643660368   2.21857e-05 -0.000402511     -1.49003  0.000102519     -1.48897 -1.89849e-05
643679517   2.21857e-05 -0.000402511     -1.49003  0.000102519     -1.48897 -1.80357e-05
663216487    2.2978e-05 -0.000402511     -1.49003  0.000102519     -1.48897 -1.80357e-05
663271531    2.2978e-05 -0.000403304     -1.49003  0.000102519     -1.48897 -1.80357e-05
663291774    2.2978e-05 -0.000403304     -1.48488  0.000102519     -1.48897 -1.80357e-05
663311253    2.2978e-05 -0.000403304     -1.48488  9.87215e-05     -1.48897 -1.80357e-05
663330290    2.2978e-05 -0.000403304     -1.48488  9.87215e-05     -1.48385 -1.80357e-05
663349090    2.2978e-05 -0.000403304     -1.48488  9.87215e-05     -1.48385 -1.70864e-05
682960193   2.13933e-05 -0.000403304     -1.48488  9.87215e-05     -1.48385 -1.70864e-05
683014156   2.13933e-05 -0.000403304     -1.48488  9.87215e-05     -1.48385 -1.70864e-05
683034402   2.13933e-05 -0.000403304     -1.47963  9.87215e-05     -1.48385 -1.70864e-05
683053529   2.13933e-05 -0.000403304     -1.47963  9.58738e-05     -1.48385 -1.70864e-05
683072593   2.13933e-05 -0.000403304     -1.47963  9.58738e-05     -1.47861 -1.70864e-05
683091627   2.13933e-05 -0.000403304     -1.47963  9.58738e-05     -1.47861 -1.70864e-05
703206858    2.2978e-05 -0.000403304     -1.47963  9.58738e-05     -1.47861 -1.70864e-05
703262452    2.2978e-05 -0.000400134     -1.47963  9.58738e-05     -1.47861 -1.70864e-05
703283226    2.2978e-05 -0.000400134     -1.47422  9.58738e-05     -1.47861 -1.70864e-05
703302226    2.2978e-05 -0.000400134     -1.47422  9.58738e-05     -1.47861 -1.70864e-05
703320950    2.2978e-05 -0.000400134     -1.47422  9.58738e-05     -1.47299 -1.70864e-05
703341762    2.2978e-05 -0.000400134     -1.47422  9.58738e-05     -1.47299 -1.70864e-05
723318922    2.2978e-05 -0.000400134     -1.47422  9.58738e-05     -1.47299 -1.70864e-05
723372825    2.2978e-05 -0.000400927     -1.47422  9.58738e-05     -1.47299 -1.70864e-05
723393303    2.2978e-05 -0.000400927     -1.46865  9.58738e-05     -1.47299 -1.70864e-05
723412522    2.2978e-05 -0.000400927     -1.46865   9.6823e-05     -1.47299 -1.70864e-05
723431619    2.2978e-05 -0.000400927     -1.46865   9.6823e-05     -1.46735 -1.70864e-05
723450499    2.2978e-05 -0.000400927     -1.46865   9.6823e-05     -1.46735 -1.70864e-05
743199309   2.13933e-05 -0.000400927     -1.46865   9.6823e-05     -1.46735 -1.70864e-05
743254243   2.13933e-05 -0.000403304     -1.46865   9.6823e-05     -1.46735 -1.70864e-05
743274647   2.13933e-05 -0.000403304     -1.46282   9.6823e-05     -1.46735 -1.70864e-05
743293891   2.13933e-05 -0.000403304     -1.46282   9.6823e-05     -1.46735 -1.70864e-05
743312881   2.13933e-05 -0.000403304     -1.46282   9.6823e-05     -1.46174 -1.70864e-05
743331731   2.13933e-05 -0.000403304     -1.46282   9.6823e-05     -1.46174 -1.70864e-05
763233701    2.2978e-05 -0.000403304     -1.46282   9.6823e-05     -1.46174 -1.70864e-05
763288787    2.2978e-05 -0.000402511     -1.46282   9.6823e-05     -1.46174 -1.70864e-05
763308883    2.2978e-05 -0.000402511     -1.45682   9.6823e-05     -1.46174 -1.70864e-05
763328132    2.2978e-05 -0.000402511     -1.45682   9.6823e-05     -1.46174 -1.70864e-05
763347022    2.2978e-05 -0.000402511     -1.45682   9.6823e-05     -1.45582 -1.70864e-05
763365871    2.2978e-05 -0.000402511     -1.45682   9.6823e-05     -1.45582 -1.70864e-05
783105382    2.2978e-05 -0.000402511     -1.45682   9.6823e-05     -1.45582 -1.70864e-05
783161102    2.2978e-05 -0.000403304     -1.45682   9.6823e-05     -1.45582 -1.70864e-05
783181408    2.2978e-05 -0.000403304     -1.45065   9.6823e-05     -1.45582 -1.70864e-05
783200668    2.2978e-05 -0.000403304     -1.45065  9.77723e-05     -1.45582 -1.70864e-05
783219994    2.2978e-05 -0.000403304     -1.45065  9.77723e-05     -1.44963 -1.70864e-05
783239122    2.2978e-05 -0.000403304     -1.45065  9.77723e-05     -1.44963 -1.80357e-05
803070903    2.2978e-05 -0.000403304     -1.45065  9.77723e-05     -1.44963 -1.80357e-05
803142645    2.2978e-05 -0.000402511     -1.45065  9.77723e-05     -1.44963 -1.80357e-05
803163218    2.2978e-05 -0.000402511     -1.44448  9.77723e-05     -1.44963 -1.80357e-05
803182707    2.2978e-05 -0.000402511     -1.44448  9.58738e-05     -1.44963 -1.80357e-05
803201912    2.2978e-05 -0.000402511     -1.44448  9.58738e-05     -1.44332 -1.80357e-05
803221017    2.2978e-05 -0.000402511     -1.44448  9.58738e-05     -1.44332 -1.70864e-05
823098990   2.13933e-05 -0.000402511     -1.44448  9.58738e-05     -1.44332 -1.70864e-05
823152927   2.13933e-05 -0.000403304     -1.44448  9.58738e-05     -1.44332 -1.70864e-05
823172973   2.13933e-05 -0.000403304     -1.43792  9.58738e-05     -1.44332 -1.70864e-05
823192275   2.13933e-05 -0.000403304     -1.43792   9.6823e-05     -1.44332 -1.70864e-05
823211456   2.13933e-05 -0.000403304     -1.43792   9.6823e-05     -1.43698 -1.70864e-05
823230486   2.13933e-05 -0.000403304     -1.43792   9.6823e-05     -1.43698 -1.70864e-05
843319454   2.21857e-05 -0.000403304     -1.43792   9.6823e-05     -1.43698 -1.70864e-05
843376275   2.21857e-05 -0.000402511     -1.43792   9.6823e-05     -1.43698 -1.70864e-05
843396427   2.21857e-05 -0.000402511      -1.4313   9.6823e-05     -1.43698 -1.70864e-05
843416237   2.21857e-05 -0.000402511      -1.4313  9.58738e-05     -1.43698 -1.70864e-05
843435416   2.21857e-05 -0.000402511      -1.4313  9.58738e-05     -1.43037 -1.70864e-05
843454446   2.21857e-05 -0.000402511      -1.4313  9.58738e-05     -1.43037 -1.61372e-05
863245860   2.21857e-05 -0.000402511      -1.4313  9.58738e-05     -1.43037 -1.61372e-05
863341959   2.21857e-05 -0.000403304      -1.4313  9.58738e-05     -1.43037 -1.61372e-05
863362393   2.21857e-05 -0.000403304     -1.42462  9.58738e-05     -1.43037 -1.61372e-05
863382035   2.21857e-05 -0.000403304     -1.42462  9.49246e-05     -1.43037 -1.61372e-05
863401246   2.21857e-05 -0.000403304     -1.42462  9.49246e-05      -1.4236 -1.61372e-05
863420521   2.21857e-05 -0.000403304     -1.42462  9.49246e-05      -1.4236 -1.70864e-05
883172361   2.21857e-05 -0.000403304     -1.42462  9.49246e-05      -1.4236 -1.70864e-05
883227406   2.21857e-05 -0.000402511     -1.42462  9.49246e-05      -1.4236 -1.70864e-05
883247711   2.21857e-05 -0.000402511     -1.41788  9.49246e-05      -1.4236 -1.70864e-05
883267398   2.21857e-05 -0.000402511     -1.41788  9.39753e-05      -1.4236 -1.70864e-05
883286662   2.21857e-05 -0.000402511     -1.41788  9.39753e-05     -1.41677 -1.70864e-05
883305946   2.21857e-05 -0.000402511     -1.41788  9.39753e-05     -1.41677 -1.80357e-05
903528795    2.2978e-05 -0.000402511     -1.41788  9.39753e-05     -1.41677 -1.80357e-05
903585104    2.2978e-05 -0.000401719     -1.41788  9.39753e-05     -1.41677 -1.80357e-05
903605503    2.2978e-05 -0.000401719     -1.41077  9.39753e-05     -1.41677 -1.80357e-05
903624778    2.2978e-05 -0.000401719     -1.41077  9.49246e-05     -1.41677 -1.80357e-05
903705921    2.2978e-05 -0.000401719     -1.41077  9.49246e-05     -1.40963 -1.80357e-05
903726171    2.2978e-05 -0.000401719     -1.41077  9.49246e-05     -1.40963 -1.70864e-05
923308219    2.2978e-05 -0.000401719     -1.41077  9.49246e-05     -1.40963 -1.70864e-05
923364758    2.2978e-05 -0.000403304     -1.41077  9.49246e-05     -1.40963 -1.70864e-05
923385169    2.2978e-05 -0.000403304     -1.40352  9.49246e-05     -1.40963 -1.70864e-05
923404249    2.2978e-05 -0.000403304     -1.40352  9.20768e-05     -1.40963 -1.70864e-05
923423206    2.2978e-05 -0.000403304     -1.40352  9.20768e-05     -1.40248 -1.70864e-05
923441913    2.2978e-05 -0.000403304     -1.40352  9.20768e-05     -1.40248 -1.70864e-05
943124710   2.13933e-05 -0.000403304     -1.40352  9.20768e-05     -1.40248 -1.70864e-05
943180716   2.13933e-05 -0.000404096     -1.40352  9.20768e-05     -1.40248 -1.70864e-05
943200813   2.13933e-05 -0.000404096     -1.39623  9.20768e-05     -1.40248 -1.70864e-05
943219866   2.13933e-05 -0.000404096     -1.39623  9.11276e-05     -1.40248 -1.70864e-05
943238791   2.13933e-05 -0.000404096     -1.39623  9.11276e-05      -1.3952 -1.70864e-05
943258330   2.13933e-05 -0.000404096     -1.39623  9.11276e-05      -1.3952 -1.70864e-05
962955629   2.13933e-05 -0.000404096     -1.39623  9.11276e-05      -1.3952 -1.70864e-05
963011341   2.13933e-05 -0.000401719     -1.39623  9.11276e-05      -1.3952 -1.70864e-05
963031454   2.13933e-05 -0.000401719     -1.38874  9.11276e-05      -1.3952 -1.70864e-05
963051004   2.13933e-05 -0.000401719     -1.38874  8.82798e-05      -1.3952 -1.70864e-05
963070109   2.13933e-05 -0.000401719     -1.38874  8.82798e-05     -1.38761 -1.70864e-05
963089017   2.13933e-05 -0.000401719     -1.38874  8.82798e-05     -1.38761 -1.80357e-05
982955249   2.21857e-05 -0.000401719     -1.38874  8.82798e-05     -1.38761 -1.80357e-05
983010950   2.21857e-05 -0.000403304     -1.38874  8.82798e-05     -1.38761 -1.80357e-05
983031579   2.21857e-05 -0.000403304     -1.38108  8.82798e-05     -1.38761 -1.80357e-05
983051302   2.21857e-05 -0.000403304     -1.38108  9.11276e-05     -1.38761 -1.80357e-05
983070609   2.21857e-05 -0.000403304     -1.38108  9.11276e-05     -1.38006 -1.80357e-05
983089762   2.21857e-05 -0.000403304     -1.38108  9.11276e-05     -1.38006 -1.80357e-05
3200233   2.37704e-05 -0.000403304     -1.38108  9.11276e-05     -1.38006 -1.80357e-05
3254355   2.37704e-05 -0.000402511     -1.38108  9.11276e-05     -1.38006 -1.80357e-05
3274242   2.37704e-05 -0.000402511      -1.3732  9.11276e-05     -1.38006 -1.80357e-05
3294192   2.37704e-05 -0.000402511      -1.3732  8.92291e-05     -1.38006 -1.80357e-05
3313397   2.37704e-05 -0.000402511      -1.3732  8.92291e-05     -1.37229 -1.80357e-05
3336144   2.37704e-05 -0.000402511      -1.3732  8.92291e-05     -1.37229 -1.80357e-05
22240069    2.2978e-05 -0.000402511      -1.3732  8.92291e-05     -1.37229 -1.80357e-05
22267796    2.2978e-05 -0.000403304      -1.3732  8.92291e-05     -1.37229 -1.80357e-05
22274262    2.2978e-05 -0.000403304      -1.3657  8.92291e-05     -1.37229 -1.80357e-05
22280474    2.2978e-05 -0.000403304      -1.3657  8.82798e-05     -1.37229 -1.80357e-05
22286496    2.2978e-05 -0.000403304      -1.3657  8.82798e-05     -1.36462 -1.80357e-05
22292567    2.2978e-05 -0.000403304      -1.3657  8.82798e-05     -1.36462 -1.80357e-05
42613386   2.21857e-05 -0.000403304      -1.3657  8.82798e-05     -1.36462 -1.80357e-05
42645319   2.21857e-05 -0.000404096      -1.3657  8.82798e-05     -1.36462 -1.80357e-05
42654967   2.21857e-05 -0.000404096     -1.35753  8.82798e-05     -1.36462 -1.80357e-05
42663872   2.21857e-05 -0.000404096     -1.35753  9.20768e-05     -1.36462 -1.80357e-05
42672680   2.21857e-05 -0.000404096     -1.35753  9.20768e-05     -1.35661 -1.80357e-05
42681516   2.21857e-05 -0.000404096     -1.35753  9.20768e-05     -1.35661 -1.70864e-05
63036218    2.2978e-05 -0.000404096     -1.35753  9.20768e-05     -1.35661 -1.70864e-05
63090344    2.2978e-05 -0.000404889     -1.35753  9.20768e-05     -1.35661 -1.70864e-05
63110924    2.2978e-05 -0.000404889     -1.34947  9.20768e-05     -1.35661 -1.70864e-05
63130414    2.2978e-05 -0.000404889     -1.34947  8.92291e-05     -1.35661 -1.70864e-05
63149526    2.2978e-05 -0.000404889     -1.34947  8.92291e-05     -1.34875 -1.70864e-05
63168470    2.2978e-05 -0.000404889     -1.34947  8.92291e-05     -1.34875 -1.61372e-05
83796377    2.2978e-05 -0.000404889     -1.34947  8.92291e-05     -1.34875 -1.61372e-05
83851311    2.2978e-05 -0.000402511     -1.34947  8.92291e-05     -1.34875 -1.61372e-05
83871594    2.2978e-05 -0.000402511     -1.34126  8.92291e-05     -1.34875 -1.61372e-05
83890829    2.2978e-05 -0.000402511     -1.34126  8.73306e-05     -1.34875 -1.61372e-05
83909877    2.2978e-05 -0.000402511     -1.34126  8.73306e-05     -1.34047 -1.61372e-05
83929268    2.2978e-05 -0.000402511     -1.34126  8.73306e-05     -1.34047 -1.61372e-05
103025635   2.21857e-05 -0.000402511     -1.34126  8.73306e-05     -1.34047 -1.61372e-05
103079636   2.21857e-05 -0.000403304     -1.34126  8.73306e-05     -1.34047 -1.61372e-05
103100317   2.21857e-05 -0.000403304     -1.33363  8.73306e-05     -1.34047 -1.61372e-05
103119559   2.21857e-05 -0.000403304     -1.33363  8.63813e-05     -1.34047 -1.61372e-05
103138836   2.21857e-05 -0.000403304     -1.33363  8.63813e-05     -1.33297 -1.61372e-05
103157781   2.21857e-05 -0.000403304     -1.33363  8.63813e-05     -1.33297 -1.61372e-05
122976676   2.21857e-05 -0.000403304     -1.33363  8.63813e-05     -1.33297 -1.61372e-05
123031309   2.21857e-05 -0.000402511     -1.33363  8.63813e-05     -1.33297 -1.61372e-05
123051433   2.21857e-05 -0.000402511     -1.32563  8.63813e-05     -1.33297 -1.61372e-05
123070980   2.21857e-05 -0.000402511     -1.32563  8.35336e-05     -1.33297 -1.61372e-05
123090235   2.21857e-05 -0.000402511     -1.32563  8.35336e-05     -1.32508 -1.61372e-05
123109065   2.21857e-05 -0.000402511     -1.32563  8.35336e-05     -1.32508 -1.51879e-05
143079210   2.21857e-05 -0.000402511     -1.32563  8.35336e-05     -1.32508 -1.51879e-05
143133218   2.21857e-05 -0.000402511     -1.32563  8.35336e-05     -1.32508 -1.51879e-05
143153660   2.21857e-05 -0.000402511     -1.31784  8.35336e-05     -1.32508 -1.51879e-05
143173240   2.21857e-05 -0.000402511     -1.31784  8.35336e-05     -1.32508 -1.51879e-05
143192415   2.21857e-05 -0.000402511     -1.31784  8.35336e-05     -1.31721 -1.51879e-05
143211566   2.21857e-05 -0.000402511     -1.31784  8.35336e-05     -1.31721 -1.70864e-05
163007622   2.13933e-05 -0.000402511     -1.31784  8.35336e-05     -1.31721 -1.70864e-05
163061370   2.13933e-05 -0.000401719     -1.31784  8.35336e-05     -1.31721 -1.70864e-05
163081874   2.13933e-05 -0.000401719     -1.31002  8.35336e-05     -1.31721 -1.70864e-05
163100997   2.13933e-05 -0.000401719     -1.31002  7.97366e-05     -1.31721 -1.70864e-05
163119914   2.13933e-05 -0.000401719     -1.31002  7.97366e-05     -1.30937 -1.70864e-05
163138981   2.13933e-05 -0.000401719     -1.31002  7.97366e-05     -1.30937 -1.70864e-05
183925695   2.21857e-05 -0.000401719     -1.31002  7.97366e-05     -1.30937 -1.70864e-05
183980048   2.21857e-05 -0.000401719     -1.31002  7.97366e-05     -1.30937 -1.70864e-05
184000640   2.21857e-05 -0.000401719     -1.30175  7.97366e-05     -1.30937 -1.70864e-05
184020023   2.21857e-05 -0.000401719     -1.30175  8.44829e-05     -1.30937 -1.70864e-05
184039210   2.21857e-05 -0.000401719     -1.30175  8.44829e-05     -1.30121 -1.70864e-05
184058144   2.21857e-05 -0.000401719     -1.30175  8.44829e-05     -1.30121 -1.80357e-05
203170515    2.2978e-05 -0.000401719     -1.30175  8.44829e-05     -1.30121 -1.80357e-05
203225941    2.2978e-05 -0.000402511     -1.30175  8.44829e-05     -1.30121 -1.80357e-05
203246300    2.2978e-05 -0.000402511     -1.29418  8.44829e-05     -1.30121 -1.80357e-05
203265623    2.2978e-05 -0.000402511     -1.29418  8.44829e-05     -1.30121 -1.80357e-05
203284574    2.2978e-05 -0.000402511     -1.29418  8.44829e-05     -1.29364 -1.80357e-05
203303557    2.2978e-05 -0.000402511     -1.29418  8.44829e-05     -1.29364 -1.70864e-05
223023461   2.37704e-05 -0.000402511     -1.29418  8.44829e-05     -1.29364 -1.70864e-05
223136629   2.37704e-05 -0.000402511     -1.29418  8.44829e-05     -1.29364 -1.70864e-05
223158383   2.37704e-05 -0.000402511     -1.28646  8.44829e-05     -1.29364 -1.70864e-05
223178419   2.37704e-05 -0.000402511     -1.28646  8.06859e-05     -1.29364 -1.70864e-05
223197816   2.37704e-05 -0.000402511     -1.28646  8.06859e-05     -1.28577 -1.70864e-05
223216955   2.37704e-05 -0.000402511     -1.28646  8.06859e-05     -1.28577 -1.80357e-05
243236294    2.2978e-05 -0.000402511     -1.28646  8.06859e-05     -1.28577 -1.80357e-05
243292312    2.2978e-05 -0.000402511     -1.28646  8.06859e-05     -1.28577 -1.80357e-05
243312665    2.2978e-05 -0.000402511     -1.27854  8.06859e-05     -1.28577 -1.80357e-05
243332139    2.2978e-05 -0.000402511     -1.27854  7.78381e-05     -1.28577 -1.80357e-05
243351238    2.2978e-05 -0.000402511     -1.27854  7.78381e-05     -1.27786 -1.80357e-05
243370344    2.2978e-05 -0.000402511     -1.27854  7.78381e-05     -1.27786 -1.70864e-05
263158846    2.2978e-05 -0.000402511     -1.27854  7.78381e-05     -1.27786 -1.70864e-05
263214247    2.2978e-05 -0.000401719     -1.27854  7.78381e-05     -1.27786 -1.70864e-05
263234301    2.2978e-05 -0.000401719     -1.27063  7.78381e-05     -1.27786 -1.70864e-05
263253852    2.2978e-05 -0.000401719     -1.27063  7.87874e-05     -1.27786 -1.70864e-05
263273061    2.2978e-05 -0.000401719     -1.27063  7.87874e-05     -1.27008 -1.70864e-05
263292218    2.2978e-05 -0.000401719     -1.27063  7.87874e-05     -1.27008 -1.70864e-05
289326283    2.2978e-05 -0.000401719     -1.27063  7.87874e-05     -1.27008 -1.70864e-05
289381792    2.2978e-05 -0.000401719     -1.27063  7.87874e-05     -1.27008 -1.70864e-05
289401686    2.2978e-05 -0.000401719     -1.26067  7.87874e-05     -1.27008 -1.70864e-05
289421188    2.2978e-05 -0.000401719     -1.26067  7.68889e-05     -1.27008 -1.70864e-05
289440182    2.2978e-05 -0.000401719     -1.26067  7.68889e-05     -1.25996 -1.70864e-05
289459262    2.2978e-05 -0.000401719     -1.26067  7.68889e-05     -1.25996 -1.70864e-05
303485403    2.2978e-05 -0.000401719     -1.26067  7.68889e-05     -1.25996 -1.70864e-05
303539904    2.2978e-05 -0.000403304     -1.26067  7.68889e-05     -1.25996 -1.70864e-05
303560166    2.2978e-05 -0.000403304     -1.25493  7.68889e-05     -1.25996 -1.70864e-05
303579512    2.2978e-05 -0.000403304     -1.25493  7.87874e-05     -1.25996 -1.70864e-05
303598690    2.2978e-05 -0.000403304     -1.25493  7.87874e-05     -1.25428 -1.70864e-05
303617800    2.2978e-05 -0.000403304     -1.25493  7.87874e-05     -1.25428 -1.80357e-05
323099218    2.2978e-05 -0.000403304     -1.25493  7.87874e-05     -1.25428 -1.80357e-05
323154863    2.2978e-05 -0.000403304     -1.25493  7.87874e-05     -1.25428 -1.80357e-05
323175398    2.2978e-05 -0.000403304     -1.24701  7.87874e-05     -1.25428 -1.80357e-05
323194779    2.2978e-05 -0.000403304     -1.24701  7.49904e-05     -1.25428 -1.80357e-05
323214124    2.2978e-05 -0.000403304     -1.24701  7.49904e-05     -1.24659 -1.80357e-05
323233279    2.2978e-05 -0.000403304     -1.24701  7.49904e-05     -1.24659 -1.70864e-05
343073400   2.21857e-05 -0.000403304     -1.24701  7.49904e-05     -1.24659 -1.70864e-05
343129306   2.21857e-05 -0.000400927     -1.24701  7.49904e-05     -1.24659 -1.70864e-05
343150182   2.21857e-05 -0.000400927     -1.23924  7.49904e-05     -1.24659 -1.70864e-05
343169443   2.21857e-05 -0.000400927     -1.23924  7.68889e-05     -1.24659 -1.70864e-05
343188516   2.21857e-05 -0.000400927     -1.23924  7.68889e-05     -1.23868 -1.70864e-05
343207552   2.21857e-05 -0.000400927     -1.23924  7.68889e-05     -1.23868 -1.70864e-05
363248003    2.2978e-05 -0.000400927     -1.23924  7.68889e-05     -1.23868 -1.70864e-05
363303288    2.2978e-05 -0.000400927     -1.23924  7.68889e-05     -1.23868 -1.70864e-05
363323950    2.2978e-05 -0.000400927     -1.23129  7.68889e-05     -1.23868 -1.70864e-05
363343384    2.2978e-05 -0.000400927     -1.23129  7.11934e-05     -1.23868 -1.70864e-05
363362403    2.2978e-05 -0.000400927     -1.23129  7.11934e-05     -1.23065 -1.70864e-05
363381307    2.2978e-05 -0.000400927     -1.23129  7.11934e-05     -1.23065 -1.80357e-05
385103694   2.21857e-05 -0.000400927     -1.23129  7.11934e-05     -1.23065 -1.80357e-05
385160186   2.21857e-05 -0.000401719     -1.23129  7.11934e-05     -1.23065 -1.80357e-05
385180725   2.21857e-05 -0.000401719     -1.22262  7.11934e-05     -1.23065 -1.80357e-05
385200002   2.21857e-05 -0.000401719     -1.22262  7.40412e-05     -1.23065 -1.80357e-05
385219165   2.21857e-05 -0.000401719     -1.22262  7.40412e-05      -1.2221 -1.80357e-05
385238754   2.21857e-05 -0.000401719     -1.22262  7.40412e-05      -1.2221 -1.70864e-05
403166670    2.2978e-05 -0.000401719     -1.22262  7.40412e-05      -1.2221 -1.70864e-05
403224209    2.2978e-05 -0.000400927     -1.22262  7.40412e-05      -1.2221 -1.70864e-05
403245061    2.2978e-05 -0.000400927     -1.21555  7.40412e-05      -1.2221 -1.70864e-05
403264848    2.2978e-05 -0.000400927     -1.21555  7.49904e-05      -1.2221 -1.70864e-05
403284394    2.2978e-05 -0.000400927     -1.21555  7.49904e-05     -1.21506 -1.70864e-05
403303643    2.2978e-05 -0.000400927     -1.21555  7.49904e-05     -1.21506 -1.61372e-05
423072280   2.21857e-05 -0.000400927     -1.21555  7.49904e-05     -1.21506 -1.61372e-05
423128268   2.21857e-05 -0.000399342     -1.21555  7.49904e-05     -1.21506 -1.61372e-05
423149052   2.21857e-05 -0.000399342      -1.2078  7.49904e-05     -1.21506 -1.61372e-05
423168915   2.21857e-05 -0.000399342      -1.2078  7.11934e-05     -1.21506 -1.61372e-05
423187967   2.21857e-05 -0.000399342      -1.2078  7.11934e-05     -1.20723 -1.61372e-05
423207331   2.21857e-05 -0.000399342      -1.2078  7.11934e-05     -1.20723 -1.70864e-05
443178803    2.2978e-05 -0.000399342      -1.2078  7.11934e-05     -1.20723 -1.70864e-05
443233936    2.2978e-05 -0.000400927      -1.2078  7.11934e-05     -1.20723 -1.70864e-05
443255046    2.2978e-05 -0.000400927     -1.19982  7.11934e-05     -1.20723 -1.70864e-05
443274564    2.2978e-05 -0.000400927     -1.19982  6.83457e-05     -1.20723 -1.70864e-05
443293991    2.2978e-05 -0.000400927     -1.19982  6.83457e-05     -1.19937 -1.70864e-05
443313495    2.2978e-05 -0.000400927     -1.19982  6.83457e-05     -1.19937 -1.70864e-05
463209529   2.21857e-05 -0.000400927     -1.19982  6.83457e-05     -1.19937 -1.70864e-05
463263687   2.21857e-05 -0.000400134     -1.19982  6.83457e-05     -1.19937 -1.70864e-05
463284010   2.21857e-05 -0.000400134     -1.19189  6.83457e-05     -1.19937 -1.70864e-05
463303501   2.21857e-05 -0.000400134     -1.19189  6.73964e-05     -1.19937 -1.70864e-05
463322633   2.21857e-05 -0.000400134     -1.19189  6.73964e-05     -1.19153 -1.70864e-05
463341851   2.21857e-05 -0.000400134     -1.19189  6.73964e-05     -1.19153 -1.70864e-05
483119810   2.13933e-05 -0.000400134     -1.19189  6.73964e-05     -1.19153 -1.70864e-05
483174854   2.13933e-05  -0.00039855     -1.19189  6.73964e-05     -1.19153 -1.70864e-05
483195708   2.13933e-05  -0.00039855     -1.18419  6.73964e-05     -1.19153 -1.70864e-05
483214663   2.13933e-05  -0.00039855     -1.18419  6.64472e-05     -1.19153 -1.70864e-05
483233857   2.13933e-05  -0.00039855     -1.18419  6.64472e-05     -1.18377 -1.70864e-05
483252764   2.13933e-05  -0.00039855     -1.18419  6.64472e-05     -1.18377 -1.51879e-05
503277947   2.21857e-05  -0.00039855     -1.18419  6.64472e-05     -1.18377 -1.51879e-05
503332029   2.21857e-05 -0.000400134     -1.18419  6.64472e-05     -1.18377 -1.51879e-05
503352670   2.21857e-05 -0.000400134     -1.17631  6.64472e-05     -1.18377 -1.51879e-05
503371997   2.21857e-05 -0.000400134     -1.17631  6.64472e-05     -1.18377 -1.51879e-05
503390828   2.21857e-05 -0.000400134     -1.17631  6.64472e-05     -1.17577 -1.51879e-05
503410012   2.21857e-05 -0.000400134     -1.17631  6.64472e-05     -1.17577 -1.61372e-05
523151730    2.2978e-05 -0.000400134     -1.17631  6.64472e-05     -1.17577 -1.61372e-05
523206108    2.2978e-05 -0.000400134     -1.17631  6.64472e-05     -1.17577 -1.61372e-05
523226427    2.2978e-05 -0.000400134     -1.16841  6.64472e-05     -1.17577 -1.61372e-05
523302985    2.2978e-05 -0.000400134     -1.16841  6.35994e-05     -1.17577 -1.61372e-05
523322952    2.2978e-05 -0.000400134     -1.16841  6.35994e-05     -1.16799 -1.61372e-05
523349623    2.2978e-05 -0.000400134     -1.16841  6.35994e-05     -1.16799 -1.51879e-05
543141550   2.21857e-05 -0.000400134     -1.16841  6.35994e-05     -1.16799 -1.51879e-05
543195610   2.21857e-05  -0.00039855     -1.16841  6.35994e-05     -1.16799 -1.51879e-05
543216924   2.21857e-05  -0.00039855     -1.16063  6.35994e-05     -1.16799 -1.51879e-05
543236468   2.21857e-05  -0.00039855     -1.16063  6.54979e-05     -1.16799 -1.51879e-05
543256077   2.21857e-05  -0.00039855     -1.16063  6.54979e-05     -1.16012 -1.51879e-05
543275758   2.21857e-05  -0.00039855     -1.16063  6.54979e-05     -1.16012 -1.70864e-05
563151761    2.2978e-05  -0.00039855     -1.16063  6.54979e-05     -1.16012 -1.70864e-05
563203207    2.2978e-05 -0.000396173     -1.16063  6.54979e-05     -1.16012 -1.70864e-05
563222347    2.2978e-05 -0.000396173     -1.15284  6.54979e-05     -1.16012 -1.70864e-05
563240096    2.2978e-05 -0.000396173     -1.15284   5.7904e-05     -1.16012 -1.70864e-05
563257987    2.2978e-05 -0.000396173     -1.15284   5.7904e-05     -1.15219 -1.70864e-05
563275598    2.2978e-05 -0.000396173     -1.15284   5.7904e-05     -1.15219 -1.80357e-05
582912327    2.2978e-05 -0.000396173     -1.15284   5.7904e-05     -1.15219 -1.80357e-05
582966551    2.2978e-05 -0.000396965     -1.15284   5.7904e-05     -1.15219 -1.80357e-05
582987003    2.2978e-05 -0.000396965     -1.14499   5.7904e-05     -1.15219 -1.80357e-05
583006347    2.2978e-05 -0.000396965     -1.14499  5.98025e-05     -1.15219 -1.80357e-05
583025253    2.2978e-05 -0.000396965     -1.14499  5.98025e-05     -1.14454 -1.80357e-05
583052087    2.2978e-05 -0.000396965     -1.14499  5.98025e-05     -1.14454 -1.70864e-05
602893790    2.2978e-05 -0.000396965     -1.14499  5.98025e-05     -1.14454 -1.70864e-05
602944753    2.2978e-05 -0.000399342     -1.14499  5.98025e-05     -1.14454 -1.70864e-05
602964032    2.2978e-05 -0.000399342     -1.13706  5.98025e-05     -1.14454 -1.70864e-05
602982146    2.2978e-05 -0.000399342     -1.13706   6.1701e-05     -1.14454 -1.70864e-05
603000169    2.2978e-05 -0.000399342     -1.13706   6.1701e-05     -1.13662 -1.70864e-05
603018084    2.2978e-05 -0.000399342     -1.13706   6.1701e-05     -1.13662 -1.61372e-05
622480558   2.21857e-05 -0.000399342     -1.13706   6.1701e-05     -1.13662 -1.61372e-05
622514149   2.21857e-05  -0.00039855     -1.13706   6.1701e-05     -1.13662 -1.61372e-05
622526864   2.21857e-05  -0.00039855     -1.12951   6.1701e-05     -1.13662 -1.61372e-05
622538755   2.21857e-05  -0.00039855     -1.12951  5.88532e-05     -1.13662 -1.61372e-05
622550686   2.21857e-05  -0.00039855     -1.12951  5.88532e-05     -1.12894 -1.61372e-05
622562629   2.21857e-05  -0.00039855     -1.12951  5.88532e-05     -1.12894 -1.70864e-05
643068081   2.21857e-05  -0.00039855     -1.12951  5.88532e-05     -1.12894 -1.70864e-05
643121073   2.21857e-05 -0.000397757     -1.12951  5.88532e-05     -1.12894 -1.70864e-05
643140255   2.21857e-05 -0.000397757     -1.12135  5.88532e-05     -1.12894 -1.70864e-05
643158215   2.21857e-05 -0.000397757     -1.12135  5.98025e-05     -1.12894 -1.70864e-05
643176310   2.21857e-05 -0.000397757     -1.12135  5.98025e-05     -1.12095 -1.70864e-05
643194011   2.21857e-05 -0.000397757     -1.12135  5.98025e-05     -1.12095 -1.61372e-05
663048468    2.2978e-05 -0.000397757     -1.12135  5.98025e-05     -1.12095 -1.61372e-05
663103954    2.2978e-05 -0.000399342     -1.12135  5.98025e-05     -1.12095 -1.61372e-05
663124519    2.2978e-05 -0.000399342     -1.11344  5.98025e-05     -1.12095 -1.61372e-05
663143997    2.2978e-05 -0.000399342     -1.11344  5.88532e-05     -1.12095 -1.61372e-05
663163275    2.2978e-05 -0.000399342     -1.11344  5.88532e-05     -1.11305 -1.61372e-05
663182368    2.2978e-05 -0.000399342     -1.11344  5.88532e-05     -1.11305 -1.61372e-05
683029105   2.21857e-05 -0.000399342     -1.11344  5.88532e-05     -1.11305 -1.61372e-05
683083304   2.21857e-05 -0.000397757     -1.11344  5.88532e-05     -1.11305 -1.61372e-05
683104135   2.21857e-05 -0.000397757     -1.10571  5.88532e-05     -1.11305 -1.61372e-05
683123537   2.21857e-05 -0.000397757     -1.10571  5.69547e-05     -1.11305 -1.61372e-05
683142862   2.21857e-05 -0.000397757     -1.10571  5.69547e-05     -1.10519 -1.61372e-05
683161864   2.21857e-05 -0.000397757     -1.10571  5.69547e-05     -1.10519 -1.70864e-05
703161576   2.21857e-05 -0.000397757     -1.10571  5.69547e-05     -1.10519 -1.70864e-05
703215127   2.21857e-05 -0.000397757     -1.10571  5.69547e-05     -1.10519 -1.70864e-05
703235962   2.21857e-05 -0.000397757     -1.09776  5.69547e-05     -1.10519 -1.70864e-05
703255439   2.21857e-05 -0.000397757     -1.09776  5.60055e-05     -1.10519 -1.70864e-05
703274518   2.21857e-05 -0.000397757     -1.09776  5.60055e-05     -1.09723 -1.70864e-05
703293598   2.21857e-05 -0.000397757     -1.09776  5.60055e-05     -1.09723 -1.61372e-05
723085410    2.2978e-05 -0.000397757     -1.09776  5.60055e-05     -1.09723 -1.61372e-05
723141322    2.2978e-05  -0.00039855     -1.09776  5.60055e-05     -1.09723 -1.61372e-05
723161580    2.2978e-05  -0.00039855     -1.08984  5.60055e-05     -1.09723 -1.61372e-05
723180857    2.2978e-05  -0.00039855     -1.08984   5.4107e-05     -1.09723 -1.61372e-05
723200115    2.2978e-05  -0.00039855     -1.08984   5.4107e-05     -1.08944 -1.61372e-05
723219085    2.2978e-05  -0.00039855     -1.08984   5.4107e-05     -1.08944 -1.61372e-05
743057159   2.21857e-05  -0.00039855     -1.08984   5.4107e-05     -1.08944 -1.61372e-05
743113125   2.21857e-05  -0.00039538     -1.08984   5.4107e-05     -1.08944 -1.61372e-05
743133439   2.21857e-05  -0.00039538     -1.08204   5.4107e-05     -1.08944 -1.61372e-05
743153064   2.21857e-05  -0.00039538     -1.08204   5.4107e-05     -1.08944 -1.61372e-05
743172331   2.21857e-05  -0.00039538     -1.08204   5.4107e-05     -1.08164 -1.61372e-05
743191352   2.21857e-05  -0.00039538     -1.08204   5.4107e-05     -1.08164 -1.61372e-05
763023005   2.21857e-05  -0.00039538     -1.08204   5.4107e-05     -1.08164 -1.61372e-05
763077041   2.21857e-05 -0.000394588     -1.08204   5.4107e-05     -1.08164 -1.61372e-05
763097534   2.21857e-05 -0.000394588     -1.07423   5.4107e-05     -1.08164 -1.61372e-05
763117302   2.21857e-05 -0.000394588     -1.07423  4.84115e-05     -1.08164 -1.61372e-05
763136884   2.21857e-05 -0.000394588     -1.07423  4.84115e-05     -1.07374 -1.61372e-05
763156006   2.21857e-05 -0.000394588     -1.07423  4.84115e-05     -1.07374 -1.61372e-05
783052663   2.21857e-05 -0.000394588     -1.07423  4.84115e-05     -1.07374 -1.61372e-05
783107693   2.21857e-05  -0.00039538     -1.07423  4.84115e-05     -1.07374 -1.61372e-05
783128374   2.21857e-05  -0.00039538     -1.06628  4.84115e-05     -1.07374 -1.61372e-05
783147627   2.21857e-05  -0.00039538     -1.06628  4.93608e-05     -1.07374 -1.61372e-05
783166680   2.21857e-05  -0.00039538     -1.06628  4.93608e-05      -1.0659 -1.61372e-05
783186119   2.21857e-05  -0.00039538     -1.06628  4.93608e-05      -1.0659 -1.51879e-05
803210897   2.21857e-05  -0.00039538     -1.06628  4.93608e-05      -1.0659 -1.51879e-05
803265673   2.21857e-05 -0.000394588     -1.06628  4.93608e-05      -1.0659 -1.51879e-05
803286423   2.21857e-05 -0.000394588     -1.05843  4.93608e-05      -1.0659 -1.51879e-05
803305857   2.21857e-05 -0.000394588     -1.05843  4.93608e-05      -1.0659 -1.51879e-05
803325064   2.21857e-05 -0.000394588     -1.05843  4.93608e-05     -1.05814 -1.51879e-05
803344099   2.21857e-05 -0.000394588     -1.05843  4.93608e-05     -1.05814 -1.80357e-05
822994514   2.37704e-05 -0.000394588     -1.05843  4.93608e-05     -1.05814 -1.80357e-05
823049844   2.37704e-05 -0.000394588     -1.05843  4.93608e-05     -1.05814 -1.80357e-05
823069862   2.37704e-05 -0.000394588     -1.05073  4.93608e-05     -1.05814 -1.80357e-05
823088772   2.37704e-05 -0.000394588     -1.05073  4.46145e-05     -1.05814 -1.80357e-05
823108019   2.37704e-05 -0.000394588     -1.05073  4.46145e-05     -1.05018 -1.80357e-05
823185625   2.37704e-05 -0.000394588     -1.05073  4.46145e-05     -1.05018 -1.70864e-05
843128672   2.21857e-05 -0.000394588     -1.05073  4.46145e-05     -1.05018 -1.70864e-05
843182321   2.21857e-05 -0.000396173     -1.05073  4.46145e-05     -1.05018 -1.70864e-05
843202691   2.21857e-05 -0.000396173     -1.04279  4.46145e-05     -1.05018 -1.70864e-05
843221720   2.21857e-05 -0.000396173     -1.04279   4.6513e-05     -1.05018 -1.70864e-05
843240730   2.21857e-05 -0.000396173     -1.04279   4.6513e-05     -1.04231 -1.70864e-05
843259813   2.21857e-05 -0.000396173     -1.04279   4.6513e-05     -1.04231 -1.70864e-05
863260763    2.2978e-05 -0.000396173     -1.04279   4.6513e-05     -1.04231 -1.70864e-05
863315861    2.2978e-05  -0.00039538     -1.04279   4.6513e-05     -1.04231 -1.70864e-05
863336484    2.2978e-05  -0.00039538     -1.03489   4.6513e-05     -1.04231 -1.70864e-05
863355702    2.2978e-05  -0.00039538     -1.03489  4.74623e-05     -1.04231 -1.70864e-05
863374868    2.2978e-05  -0.00039538     -1.03489  4.74623e-05     -1.03448 -1.70864e-05
863394164    2.2978e-05  -0.00039538     -1.03489  4.74623e-05     -1.03448 -1.61372e-05
884751662    2.2978e-05  -0.00039538     -1.03489  4.74623e-05     -1.03448 -1.61372e-05
884806426    2.2978e-05 -0.000393796     -1.03489  4.74623e-05     -1.03448 -1.61372e-05
884827151    2.2978e-05 -0.000393796     -1.02664  4.74623e-05     -1.03448 -1.61372e-05
884846619    2.2978e-05 -0.000393796     -1.02664  4.46145e-05     -1.03448 -1.61372e-05
884866381    2.2978e-05 -0.000393796     -1.02664  4.46145e-05     -1.02604 -1.61372e-05
884886250    2.2978e-05 -0.000393796     -1.02664  4.46145e-05     -1.02604 -1.70864e-05
903246596   2.21857e-05 -0.000393796     -1.02664  4.46145e-05     -1.02604 -1.70864e-05
903297624   2.21857e-05 -0.000393003     -1.02664  4.46145e-05     -1.02604 -1.70864e-05
903316489   2.21857e-05 -0.000393003     -1.01933  4.46145e-05     -1.02604 -1.70864e-05
903334725   2.21857e-05 -0.000393003     -1.01933  3.89191e-05     -1.02604 -1.70864e-05
903352451   2.21857e-05 -0.000393003     -1.01933  3.89191e-05     -1.01874 -1.70864e-05
903370066   2.21857e-05 -0.000393003     -1.01933  3.89191e-05     -1.01874 -1.61372e-05
923188883    2.2978e-05 -0.000393003     -1.01933  3.89191e-05     -1.01874 -1.61372e-05
923243521    2.2978e-05 -0.000392211     -1.01933  3.89191e-05     -1.01874 -1.61372e-05
923264225    2.2978e-05 -0.000392211     -1.01145  3.89191e-05     -1.01874 -1.61372e-05
923283881    2.2978e-05 -0.000392211     -1.01145  3.79698e-05     -1.01874 -1.61372e-05
923303419    2.2978e-05 -0.000392211     -1.01145  3.79698e-05     -1.01099 -1.61372e-05
923322789    2.2978e-05 -0.000392211     -1.01145  3.79698e-05     -1.01099 -1.61372e-05
943004922   2.21857e-05 -0.000392211     -1.01145  3.79698e-05     -1.01099 -1.61372e-05
943059452   2.21857e-05 -0.000392211     -1.01145  3.79698e-05     -1.01099 -1.61372e-05
943079472   2.21857e-05 -0.000392211     -1.00374  3.79698e-05     -1.01099 -1.61372e-05
943099254   2.21857e-05 -0.000392211     -1.00374  3.79698e-05     -1.01099 -1.61372e-05
943118561   2.21857e-05 -0.000392211     -1.00374  3.79698e-05     -1.00327 -1.61372e-05
943137793   2.21857e-05 -0.000392211     -1.00374  3.79698e-05     -1.00327 -1.61372e-05
963051847   2.37704e-05 -0.000392211     -1.00374  3.79698e-05     -1.00327 -1.61372e-05
963107416   2.37704e-05 -0.000393796     -1.00374  3.79698e-05     -1.00327 -1.61372e-05
963128394   2.37704e-05 -0.000393796    -0.995775  3.79698e-05     -1.00327 -1.61372e-05
963148463   2.37704e-05 -0.000393796    -0.995775  3.60713e-05     -1.00327 -1.61372e-05
963167882   2.37704e-05 -0.000393796    -0.995775  3.60713e-05    -0.995324 -1.61372e-05
963187357   2.37704e-05 -0.000393796    -0.995775  3.60713e-05    -0.995324 -1.51879e-05
987520509   2.13933e-05 -0.000393796    -0.995775  3.60713e-05    -0.995324 -1.51879e-05
987574601   2.13933e-05 -0.000393796    -0.995775  3.60713e-05    -0.995324 -1.51879e-05
987595343   2.13933e-05 -0.000393796    -0.986092  3.60713e-05    -0.995324 -1.51879e-05
987615010   2.13933e-05 -0.000393796    -0.986092  3.70206e-05    -0.995324 -1.51879e-05
987634472   2.13933e-05 -0.000393796    -0.986092  3.70206e-05    -0.985748 -1.51879e-05
987653972   2.13933e-05 -0.000393796    -0.986092  3.70206e-05    -0.985748 -1.61372e-05
3151376    2.2978e-05 -0.000393796    -0.986092  3.70206e-05    -0.985748 -1.61372e-05
3207255    2.2978e-05 -0.000393003    -0.986092  3.70206e-05    -0.985748 -1.61372e-05
3228181    2.2978e-05 -0.000393003    -0.979883  3.70206e-05    -0.985748 -1.61372e-05
3247642    2.2978e-05 -0.000393003    -0.979883  3.79698e-05    -0.985748 -1.61372e-05
3266983    2.2978e-05 -0.000393003    -0.979883  3.79698e-05    -0.979582 -1.61372e-05
3286393    2.2978e-05 -0.000393003    -0.979883  3.79698e-05    -0.979582 -1.61372e-05
23198827    2.2978e-05 -0.000393003    -0.979883  3.79698e-05    -0.979582 -1.61372e-05
23252683    2.2978e-05 -0.000391419    -0.979883  3.79698e-05    -0.979582 -1.61372e-05
23273327    2.2978e-05 -0.000391419     -0.97212  3.79698e-05    -0.979582 -1.61372e-05
23293300    2.2978e-05 -0.000391419     -0.97212  3.60713e-05    -0.979582 -1.61372e-05
23312832    2.2978e-05 -0.000391419     -0.97212  3.60713e-05     -0.97166 -1.61372e-05
23332323    2.2978e-05 -0.000391419     -0.97212  3.60713e-05     -0.97166 -1.61372e-05
43244126   2.21857e-05 -0.000391419     -0.97212  3.60713e-05     -0.97166 -1.61372e-05
43300060   2.21857e-05 -0.000390626     -0.97212  3.60713e-05     -0.97166 -1.61372e-05
43320307   2.21857e-05 -0.000390626    -0.964181  3.60713e-05     -0.97166 -1.61372e-05
43340120   2.21857e-05 -0.000390626    -0.964181  3.41728e-05     -0.97166 -1.61372e-05
43359368   2.21857e-05 -0.000390626    -0.964181  3.41728e-05    -0.963726 -1.61372e-05
43378415   2.21857e-05 -0.000390626    -0.964181  3.41728e-05    -0.963726 -1.61372e-05
63113285    2.2978e-05 -0.000390626    -0.964181  3.41728e-05    -0.963726 -1.61372e-05
63167143    2.2978e-05 -0.000391419    -0.964181  3.41728e-05    -0.963726 -1.61372e-05
63187642    2.2978e-05 -0.000391419    -0.956238  3.41728e-05    -0.963726 -1.61372e-05
63207246    2.2978e-05 -0.000391419    -0.956238  3.32236e-05    -0.963726 -1.61372e-05
63226605    2.2978e-05 -0.000391419    -0.956238  3.32236e-05    -0.956027 -1.61372e-05
63245679    2.2978e-05 -0.000391419    -0.956238  3.32236e-05    -0.956027 -1.61372e-05
83093055   2.13933e-05 -0.000391419    -0.956238  3.32236e-05    -0.956027 -1.61372e-05
83147538   2.13933e-05 -0.000388249    -0.956238  3.32236e-05    -0.956027 -1.61372e-05
83168047   2.13933e-05 -0.000388249    -0.948515  3.32236e-05    -0.956027 -1.61372e-05
83188256   2.13933e-05 -0.000388249    -0.948515  3.32236e-05    -0.956027 -1.61372e-05
83207724   2.13933e-05 -0.000388249    -0.948515  3.32236e-05     -0.94818 -1.61372e-05
83227253   2.13933e-05 -0.000388249    -0.948515  3.32236e-05     -0.94818 -1.61372e-05
103002201   2.37704e-05 -0.000388249    -0.948515  3.32236e-05     -0.94818 -1.61372e-05
103056521   2.37704e-05 -0.000389834    -0.948515  3.32236e-05     -0.94818 -1.61372e-05
103077677   2.37704e-05 -0.000389834    -0.940581  3.32236e-05     -0.94818 -1.61372e-05
103097418   2.37704e-05 -0.000389834    -0.940581  2.94266e-05     -0.94818 -1.61372e-05
103116686   2.37704e-05 -0.000389834    -0.940581  2.94266e-05    -0.940227 -1.61372e-05
103135795   2.37704e-05 -0.000389834    -0.940581  2.94266e-05    -0.940227 -1.70864e-05
123146054   2.21857e-05 -0.000389834    -0.940581  2.94266e-05    -0.940227 -1.70864e-05
123200141   2.21857e-05 -0.000388249    -0.940581  2.94266e-05    -0.940227 -1.70864e-05
123220473   2.21857e-05 -0.000388249    -0.932683  2.94266e-05    -0.940227 -1.70864e-05
123239820   2.21857e-05 -0.000388249    -0.932683  3.03759e-05    -0.940227 -1.70864e-05
123259007   2.21857e-05 -0.000388249    -0.932683  3.03759e-05     -0.93252 -1.70864e-05
123278533   2.21857e-05 -0.000388249    -0.932683  3.03759e-05     -0.93252 -1.61372e-05
143357302    2.2978e-05 -0.000388249    -0.932683  3.03759e-05     -0.93252 -1.61372e-05
143467610    2.2978e-05 -0.000387457    -0.932683  3.03759e-05     -0.93252 -1.61372e-05
143489516    2.2978e-05 -0.000387457    -0.924971  3.03759e-05     -0.93252 -1.61372e-05
143509400    2.2978e-05 -0.000387457    -0.924971  3.13251e-05     -0.93252 -1.61372e-05
143529093    2.2978e-05 -0.000387457    -0.924971  3.13251e-05    -0.924582 -1.61372e-05
143548416    2.2978e-05 -0.000387457    -0.924971  3.13251e-05    -0.924582 -1.80357e-05
165244369    2.2978e-05 -0.000387457    -0.924971  3.13251e-05    -0.924582 -1.80357e-05
165300038    2.2978e-05 -0.000388249    -0.924971  3.13251e-05    -0.924582 -1.80357e-05
165320882    2.2978e-05 -0.000388249    -0.916405  3.13251e-05    -0.924582 -1.80357e-05
165339966    2.2978e-05 -0.000388249    -0.916405  2.65789e-05    -0.924582 -1.80357e-05
165358838    2.2978e-05 -0.000388249    -0.916405  2.65789e-05    -0.915887 -1.80357e-05
165377853    2.2978e-05 -0.000388249    -0.916405  2.65789e-05    -0.915887 -1.61372e-05
183270453   2.21857e-05 -0.000388249    -0.916405  2.65789e-05    -0.915887 -1.61372e-05
183325418   2.21857e-05 -0.000387457    -0.916405  2.65789e-05    -0.915887 -1.61372e-05
183346161   2.21857e-05 -0.000387457    -0.909252  2.65789e-05    -0.915887 -1.61372e-05
183365929   2.21857e-05 -0.000387457    -0.909252  2.75281e-05    -0.915887 -1.61372e-05
183385354   2.21857e-05 -0.000387457    -0.909252  2.75281e-05    -0.908856 -1.61372e-05
183404459   2.21857e-05 -0.000387457    -0.909252  2.75281e-05    -0.908856 -1.61372e-05
203240573   2.21857e-05 -0.000387457    -0.909252  2.75281e-05    -0.908856 -1.61372e-05
203295212   2.21857e-05 -0.000387457    -0.909252  2.75281e-05    -0.908856 -1.61372e-05
203316185   2.21857e-05 -0.000387457    -0.901371  2.75281e-05    -0.908856 -1.61372e-05
203335487   2.21857e-05 -0.000387457    -0.901371  2.84774e-05    -0.908856 -1.61372e-05
203354612   2.21857e-05 -0.000387457    -0.901371  2.84774e-05    -0.901005 -1.61372e-05
203373981   2.21857e-05 -0.000387457    -0.901371  2.84774e-05    -0.901005 -1.70864e-05
223056327   2.21857e-05 -0.000387457    -0.901371  2.84774e-05    -0.901005 -1.70864e-05
223111767   2.21857e-05 -0.000385872    -0.901371  2.84774e-05    -0.901005 -1.70864e-05
223132559   2.21857e-05 -0.000385872    -0.893586  2.84774e-05    -0.901005 -1.70864e-05
223151928   2.21857e-05 -0.000385872    -0.893586  2.46804e-05    -0.901005 -1.70864e-05
223171202   2.21857e-05 -0.000385872    -0.893586  2.46804e-05    -0.893213 -1.70864e-05
223190496   2.21857e-05 -0.000385872    -0.893586  2.46804e-05    -0.893213 -1.51879e-05
242896691   2.21857e-05 -0.000385872    -0.893586  2.46804e-05    -0.893213 -1.51879e-05
242934591   2.21857e-05  -0.00038508    -0.893586  2.46804e-05    -0.893213 -1.51879e-05
242948269   2.21857e-05  -0.00038508    -0.885635  2.46804e-05    -0.893213 -1.51879e-05
242961242   2.21857e-05  -0.00038508    -0.885635  2.37311e-05    -0.893213 -1.51879e-05
242974031   2.21857e-05  -0.00038508    -0.885635  2.37311e-05    -0.885349 -1.51879e-05
242986606   2.21857e-05  -0.00038508    -0.885635  2.37311e-05    -0.885349 -1.61372e-05
262877849   2.37704e-05  -0.00038508    -0.885635  2.37311e-05    -0.885349 -1.61372e-05
262932619   2.37704e-05  -0.00038508    -0.885635  2.37311e-05    -0.885349 -1.61372e-05
262953373   2.37704e-05  -0.00038508    -0.877836  2.37311e-05    -0.885349 -1.61372e-05
262972736   2.37704e-05  -0.00038508    -0.877836  2.37311e-05    -0.885349 -1.61372e-05
262991927   2.37704e-05  -0.00038508    -0.877836  2.37311e-05    -0.877637 -1.61372e-05
263011137   2.37704e-05  -0.00038508    -0.877836  2.37311e-05    -0.877637 -1.70864e-05
283211839   2.21857e-05  -0.00038508    -0.877836  2.37311e-05    -0.877637 -1.70864e-05
283266388   2.21857e-05 -0.000383495    -0.877836  2.37311e-05    -0.877637 -1.70864e-05
283286530   2.21857e-05 -0.000383495    -0.870014  2.37311e-05    -0.877637 -1.70864e-05
283306341   2.21857e-05 -0.000383495    -0.870014  2.46804e-05    -0.877637 -1.70864e-05
283325928   2.21857e-05 -0.000383495    -0.870014  2.46804e-05     -0.86978 -1.70864e-05
283345714   2.21857e-05 -0.000383495    -0.870014  2.46804e-05     -0.86978 -1.70864e-05
302989218    2.2978e-05 -0.000383495    -0.870014  2.46804e-05     -0.86978 -1.70864e-05
303043867    2.2978e-05 -0.000386665    -0.870014  2.46804e-05     -0.86978 -1.70864e-05
303064886    2.2978e-05 -0.000386665    -0.862104  2.46804e-05     -0.86978 -1.70864e-05
303084159    2.2978e-05 -0.000386665    -0.862104  2.46804e-05     -0.86978 -1.70864e-05
303103646    2.2978e-05 -0.000386665    -0.862104  2.46804e-05    -0.861736 -1.70864e-05
303123024    2.2978e-05 -0.000386665    -0.862104  2.46804e-05    -0.861736 -1.61372e-05
323256050   2.21857e-05 -0.000386665    -0.862104  2.46804e-05    -0.861736 -1.61372e-05
323311148   2.21857e-05 -0.000384288    -0.862104  2.46804e-05    -0.861736 -1.61372e-05
323332028   2.21857e-05 -0.000384288    -0.854137  2.46804e-05    -0.861736 -1.61372e-05
323351960   2.21857e-05 -0.000384288    -0.854137  2.27819e-05    -0.861736 -1.61372e-05
323371415   2.21857e-05 -0.000384288    -0.854137  2.27819e-05    -0.853942 -1.61372e-05
323390891   2.21857e-05 -0.000384288    -0.854137  2.27819e-05    -0.853942 -1.61372e-05
343064777   2.21857e-05 -0.000384288    -0.854137  2.27819e-05    -0.853942 -1.61372e-05
343116019   2.21857e-05 -0.000378741    -0.854137  2.27819e-05    -0.853942 -1.61372e-05
343134913   2.21857e-05 -0.000378741    -0.846329  2.27819e-05    -0.853942 -1.61372e-05
343153459   2.21857e-05 -0.000378741    -0.846329  2.37311e-05    -0.853942 -1.61372e-05
343171714   2.21857e-05 -0.000378741    -0.846329  2.37311e-05    -0.846071 -1.61372e-05
343189684   2.21857e-05 -0.000378741    -0.846329  2.37311e-05    -0.846071 -1.70864e-05
363087348   2.21857e-05 -0.000378741    -0.846329  2.37311e-05    -0.846071 -1.70864e-05
363142217   2.21857e-05 -0.000377156    -0.846329  2.37311e-05    -0.846071 -1.70864e-05
363162818   2.21857e-05 -0.000377156    -0.838502  2.37311e-05    -0.846071 -1.70864e-05
363182650   2.21857e-05 -0.000377156    -0.838502  1.80357e-05    -0.846071 -1.70864e-05
363201937   2.21857e-05 -0.000377156    -0.838502  1.80357e-05    -0.838126 -1.70864e-05
363220977   2.21857e-05 -0.000377156    -0.838502  1.80357e-05    -0.838126 -1.51879e-05
383290201    2.2978e-05 -0.000377156    -0.838502  1.80357e-05    -0.838126 -1.51879e-05
383344985    2.2978e-05 -0.000377949    -0.838502  1.80357e-05    -0.838126 -1.51879e-05
383365422    2.2978e-05 -0.000377949    -0.830525  1.80357e-05    -0.838126 -1.51879e-05
383385213    2.2978e-05 -0.000377949    -0.830525  2.08834e-05    -0.838126 -1.51879e-05
383404665    2.2978e-05 -0.000377949    -0.830525  2.08834e-05    -0.830417 -1.51879e-05
383424001    2.2978e-05 -0.000377949    -0.830525  2.08834e-05    -0.830417 -1.70864e-05
403196451   2.21857e-05 -0.000377949    -0.830525  2.08834e-05    -0.830417 -1.70864e-05
403250977   2.21857e-05 -0.000376364    -0.830525  2.08834e-05    -0.830417 -1.70864e-05
403271714   2.21857e-05 -0.000376364    -0.822678  2.08834e-05    -0.830417 -1.70864e-05
403291516   2.21857e-05 -0.000376364    -0.822678  2.08834e-05    -0.830417 -1.70864e-05
403311062   2.21857e-05 -0.000376364    -0.822678  2.08834e-05    -0.822611 -1.70864e-05
403330158   2.21857e-05 -0.000376364    -0.822678  2.08834e-05    -0.822611 -1.61372e-05
423131055    2.2978e-05 -0.000376364    -0.822678  2.08834e-05    -0.822611 -1.61372e-05
423185844    2.2978e-05 -0.000377949    -0.822678  2.08834e-05    -0.822611 -1.61372e-05
423206933    2.2978e-05 -0.000377949    -0.814955  2.08834e-05    -0.822611 -1.61372e-05
423226765    2.2978e-05 -0.000377949    -0.814955  1.70864e-05    -0.822611 -1.61372e-05
423246394    2.2978e-05 -0.000377949    -0.814955  1.70864e-05    -0.814713 -1.61372e-05
423265872    2.2978e-05 -0.000377949    -0.814955  1.70864e-05    -0.814713 -1.61372e-05
443188134   2.21857e-05 -0.000377949    -0.814955  1.70864e-05    -0.814713 -1.61372e-05
443242204   2.21857e-05 -0.000376364    -0.814955  1.70864e-05    -0.814713 -1.61372e-05
443262943   2.21857e-05 -0.000376364    -0.807038  1.70864e-05    -0.814713 -1.61372e-05
443282453   2.21857e-05 -0.000376364    -0.807038  1.51879e-05    -0.814713 -1.61372e-05
443355904   2.21857e-05 -0.000376364    -0.807038  1.51879e-05    -0.806871 -1.61372e-05
443375914   2.21857e-05 -0.000376364    -0.807038  1.51879e-05    -0.806871 -1.61372e-05
463002602   2.13933e-05 -0.000376364    -0.807038  1.51879e-05    -0.806871 -1.61372e-05
463058677   2.13933e-05 -0.000374779    -0.807038  1.51879e-05    -0.806871 -1.61372e-05
463079499   2.13933e-05 -0.000374779    -0.799147  1.51879e-05    -0.806871 -1.61372e-05
463099263   2.13933e-05 -0.000374779    -0.799147  1.51879e-05    -0.806871 -1.61372e-05
463118950   2.13933e-05 -0.000374779    -0.799147  1.51879e-05    -0.798973 -1.61372e-05
463138447   2.13933e-05 -0.000374779    -0.799147  1.51879e-05    -0.798973 -1.61372e-05
483173961    2.2978e-05 -0.000374779    -0.799147  1.51879e-05    -0.798973 -1.61372e-05
483229527    2.2978e-05 -0.000372402    -0.799147  1.51879e-05    -0.798973 -1.61372e-05
483250242    2.2978e-05 -0.000372402    -0.791409  1.51879e-05    -0.798973 -1.61372e-05
483270343    2.2978e-05 -0.000372402    -0.791409  1.51879e-05    -0.798973 -1.61372e-05
483289952    2.2978e-05 -0.000372402    -0.791409  1.51879e-05    -0.791129 -1.61372e-05
483309308    2.2978e-05 -0.000372402    -0.791409  1.51879e-05    -0.791129 -1.61372e-05
502941960    2.2978e-05 -0.000372402    -0.791409  1.51879e-05    -0.791129 -1.61372e-05
502996021    2.2978e-05 -0.000372402    -0.791409  1.51879e-05    -0.791129 -1.61372e-05
503016900    2.2978e-05 -0.000372402     -0.78351  1.51879e-05    -0.791129 -1.61372e-05
503036827    2.2978e-05 -0.000372402     -0.78351  1.04417e-05    -0.791129 -1.61372e-05
503056624    2.2978e-05 -0.000372402     -0.78351  1.04417e-05    -0.783169 -1.61372e-05
503075902    2.2978e-05 -0.000372402     -0.78351  1.04417e-05    -0.783169 -1.61372e-05
523181280    2.2978e-05 -0.000372402     -0.78351  1.04417e-05    -0.783169 -1.61372e-05
523237688    2.2978e-05 -0.000373987     -0.78351  1.04417e-05    -0.783169 -1.61372e-05
523258595    2.2978e-05 -0.000373987    -0.775595  1.04417e-05    -0.783169 -1.61372e-05
523277785    2.2978e-05 -0.000373987    -0.775595  1.13909e-05    -0.783169 -1.61372e-05
523296972    2.2978e-05 -0.000373987    -0.775595  1.13909e-05    -0.775412 -1.61372e-05
523316009    2.2978e-05 -0.000373987    -0.775595  1.13909e-05    -0.775412 -1.51879e-05
543079602   2.21857e-05 -0.000373987    -0.775595  1.13909e-05    -0.775412 -1.51879e-05
543134247   2.21857e-05  -0.00037161    -0.775595  1.13909e-05    -0.775412 -1.51879e-05
543154643   2.21857e-05  -0.00037161    -0.767807  1.13909e-05    -0.775412 -1.51879e-05
543173936   2.21857e-05  -0.00037161    -0.767807  1.23402e-05    -0.775412 -1.51879e-05
543193199   2.21857e-05  -0.00037161    -0.767807  1.23402e-05    -0.767652 -1.51879e-05
543212617   2.21857e-05  -0.00037161    -0.767807  1.23402e-05    -0.767652 -1.61372e-05
563098720   2.13933e-05  -0.00037161    -0.767807  1.23402e-05    -0.767652 -1.61372e-05
563155039   2.13933e-05 -0.000370025    -0.767807  1.23402e-05    -0.767652 -1.61372e-05
563176267   2.13933e-05 -0.000370025    -0.760015  1.23402e-05    -0.767652 -1.61372e-05
563196073   2.13933e-05 -0.000370025    -0.760015  4.74623e-06    -0.767652 -1.61372e-05
563216089   2.13933e-05 -0.000370025    -0.760015  4.74623e-06    -0.759749 -1.61372e-05
563235656   2.13933e-05 -0.000370025    -0.760015  4.74623e-06    -0.759749 -1.61372e-05
583256466    2.2978e-05 -0.000370025    -0.760015  4.74623e-06    -0.759749 -1.61372e-05
583311066    2.2978e-05 -0.000367648    -0.760015  4.74623e-06    -0.759749 -1.61372e-05
583331545    2.2978e-05 -0.000367648    -0.752108  4.74623e-06    -0.759749 -1.61372e-05
583351477    2.2978e-05 -0.000367648    -0.752108  7.59396e-06    -0.759749 -1.61372e-05
583370903    2.2978e-05 -0.000367648    -0.752108  7.59396e-06    -0.751874 -1.61372e-05
583390074    2.2978e-05 -0.000367648    -0.752108  7.59396e-06    -0.751874 -1.61372e-05
603287434   2.13933e-05 -0.000367648    -0.752108  7.59396e-06    -0.751874 -1.61372e-05
603342023   2.13933e-05 -0.000367648    -0.752108  7.59396e-06    -0.751874 -1.61372e-05
603362666   2.13933e-05 -0.000367648    -0.744229  7.59396e-06    -0.751874 -1.61372e-05
603382399   2.13933e-05 -0.000367648    -0.744229  7.59396e-06    -0.751874 -1.61372e-05
603401853   2.13933e-05 -0.000367648    -0.744229  7.59396e-06    -0.744135 -1.61372e-05
603421076   2.13933e-05 -0.000367648    -0.744229  7.59396e-06    -0.744135 -1.51879e-05
623076966    2.2978e-05 -0.000367648    -0.744229  7.59396e-06    -0.744135 -1.51879e-05
623131967    2.2978e-05 -0.000368441    -0.744229  7.59396e-06    -0.744135 -1.51879e-05
623152910    2.2978e-05 -0.000368441     -0.73648  7.59396e-06    -0.744135 -1.51879e-05
623173181    2.2978e-05 -0.000368441     -0.73648  5.69547e-06    -0.744135 -1.51879e-05
623192679    2.2978e-05 -0.000368441     -0.73648  5.69547e-06    -0.736163 -1.51879e-05
623212087    2.2978e-05 -0.000368441     -0.73648  5.69547e-06    -0.736163 -1.61372e-05
643273913   2.21857e-05 -0.000368441     -0.73648  5.69547e-06    -0.736163 -1.61372e-05
643326813   2.21857e-05 -0.000370025     -0.73648  5.69547e-06    -0.736163 -1.61372e-05
643347896   2.21857e-05 -0.000370025    -0.728493  5.69547e-06    -0.736163 -1.61372e-05
643367515   2.21857e-05 -0.000370025    -0.728493  6.64472e-06    -0.736163 -1.61372e-05
643386754   2.21857e-05 -0.000370025    -0.728493  6.64472e-06     -0.72827 -1.61372e-05
643406062   2.21857e-05 -0.000370025    -0.728493  6.64472e-06     -0.72827 -1.61372e-05
663159946   2.21857e-05 -0.000370025    -0.728493  6.64472e-06     -0.72827 -1.61372e-05
663214688   2.21857e-05 -0.000366856    -0.728493  6.64472e-06     -0.72827 -1.61372e-05
663235903   2.21857e-05 -0.000366856    -0.720557  6.64472e-06     -0.72827 -1.61372e-05
663255324   2.21857e-05 -0.000366856    -0.720557  6.64472e-06     -0.72827 -1.61372e-05
663274503   2.21857e-05 -0.000366856    -0.720557  6.64472e-06    -0.720482 -1.61372e-05
663293665   2.21857e-05 -0.000366856    -0.720557  6.64472e-06    -0.720482 -1.61372e-05
683156104   2.21857e-05 -0.000366856    -0.720557  6.64472e-06    -0.720482 -1.61372e-05
683210755   2.21857e-05 -0.000362894    -0.720557  6.64472e-06    -0.720482 -1.61372e-05
683231097   2.21857e-05 -0.000362894    -0.712819  6.64472e-06    -0.720482 -1.61372e-05
683250814   2.21857e-05 -0.000362894    -0.712819  5.69547e-06    -0.720482 -1.61372e-05
683270148   2.21857e-05 -0.000362894    -0.712819  5.69547e-06     -0.71262 -1.61372e-05
683289674   2.21857e-05 -0.000362894    -0.712819  5.69547e-06     -0.71262 -1.61372e-05
703068231    2.2978e-05 -0.000362894    -0.712819  5.69547e-06     -0.71262 -1.61372e-05
703122441    2.2978e-05 -0.000362894    -0.712819  5.69547e-06     -0.71262 -1.61372e-05
703143065    2.2978e-05 -0.000362894    -0.704905  5.69547e-06     -0.71262 -1.61372e-05
703162603    2.2978e-05 -0.000362894    -0.704905 -9.49246e-07     -0.71262 -1.61372e-05
703182725    2.2978e-05 -0.000362894    -0.704905 -9.49246e-07    -0.704704 -1.61372e-05
703202039    2.2978e-05 -0.000362894    -0.704905 -9.49246e-07    -0.704704 -1.61372e-05
723255396    2.2978e-05 -0.000362894    -0.704905 -9.49246e-07    -0.704704 -1.61372e-05
723310947    2.2978e-05 -0.000362894    -0.704905 -9.49246e-07    -0.704704 -1.61372e-05
723332462    2.2978e-05 -0.000362894    -0.696979 -9.49246e-07    -0.704704 -1.61372e-05
723352786    2.2978e-05 -0.000362894    -0.696979           -0    -0.704704 -1.61372e-05
723373621    2.2978e-05 -0.000362894    -0.696979           -0    -0.696937 -1.61372e-05
723393134    2.2978e-05 -0.000362894    -0.696979           -0    -0.696937 -1.70864e-05
743378686   2.21857e-05 -0.000362894    -0.696979           -0    -0.696937 -1.70864e-05
743433623   2.21857e-05 -0.000359725    -0.696979           -0    -0.696937 -1.70864e-05
743454215   2.21857e-05 -0.000359725    -0.689188           -0    -0.696937 -1.70864e-05
743473658   2.21857e-05 -0.000359725    -0.689188           -0    -0.696937 -1.70864e-05
743492849   2.21857e-05 -0.000359725    -0.689188           -0    -0.689075 -1.70864e-05
743511828   2.21857e-05 -0.000359725    -0.689188           -0    -0.689075 -1.51879e-05
763204491   2.21857e-05 -0.000359725    -0.689188           -0    -0.689075 -1.51879e-05
763258132   2.21857e-05 -0.000356555    -0.689188           -0    -0.689075 -1.51879e-05
763279262   2.21857e-05 -0.000356555    -0.681366           -0    -0.689075 -1.51879e-05
763298411   2.21857e-05 -0.000356555    -0.681366 -4.74623e-06    -0.689075 -1.51879e-05
763317909   2.21857e-05 -0.000356555    -0.681366 -4.74623e-06    -0.681195 -1.51879e-05
763337255   2.21857e-05 -0.000356555    -0.681366 -4.74623e-06    -0.681195 -1.51879e-05
782963013    2.2978e-05 -0.000356555    -0.681366 -4.74623e-06    -0.681195 -1.51879e-05
783006256    2.2978e-05 -0.000355763    -0.681366 -4.74623e-06    -0.681195 -1.51879e-05
783027157    2.2978e-05 -0.000355763    -0.673563 -4.74623e-06    -0.681195 -1.51879e-05
783046672    2.2978e-05 -0.000355763    -0.673563 -1.89849e-06    -0.681195 -1.51879e-05
783066410    2.2978e-05 -0.000355763    -0.673563 -1.89849e-06    -0.673371 -1.51879e-05
783085742    2.2978e-05 -0.000355763    -0.673563 -1.89849e-06    -0.673371 -1.51879e-05
803156623   2.13933e-05 -0.000355763    -0.673563 -1.89849e-06    -0.673371 -1.51879e-05
803210389   2.13933e-05  -0.00035814    -0.673563 -1.89849e-06    -0.673371 -1.51879e-05
803231402   2.13933e-05  -0.00035814    -0.665617 -1.89849e-06    -0.673371 -1.51879e-05
803251189   2.13933e-05  -0.00035814    -0.665617 -2.84774e-06    -0.673371 -1.51879e-05
803270677   2.13933e-05  -0.00035814    -0.665617 -2.84774e-06    -0.665515 -1.51879e-05
803289938   2.13933e-05  -0.00035814    -0.665617 -2.84774e-06    -0.665515 -1.70864e-05
823035414   2.21857e-05  -0.00035814    -0.665617 -2.84774e-06    -0.665515 -1.70864e-05
823090871   2.21857e-05 -0.000354178    -0.665617 -2.84774e-06    -0.665515 -1.70864e-05
823111889   2.21857e-05 -0.000354178    -0.657915 -2.84774e-06    -0.665515 -1.70864e-05
823131263   2.21857e-05 -0.000354178    -0.657915 -2.84774e-06    -0.665515 -1.70864e-05
823150374   2.21857e-05 -0.000354178    -0.657915 -2.84774e-06    -0.657635 -1.70864e-05
823169338   2.21857e-05 -0.000354178    -0.657915 -2.84774e-06    -0.657635 -1.61372e-05
843025528   2.13933e-05 -0.000354178    -0.657915 -2.84774e-06    -0.657635 -1.61372e-05
843079728   2.13933e-05 -0.000350217    -0.657915 -2.84774e-06    -0.657635 -1.61372e-05
843100536   2.13933e-05 -0.000350217    -0.650029 -2.84774e-06    -0.657635 -1.61372e-05
843120139   2.13933e-05 -0.000350217    -0.650029 -7.59396e-06    -0.657635 -1.61372e-05
843139471   2.13933e-05 -0.000350217    -0.650029 -7.59396e-06    -0.649695 -1.61372e-05
843158814   2.13933e-05 -0.000350217    -0.650029 -7.59396e-06    -0.649695 -1.61372e-05
863048578    2.2978e-05 -0.000350217    -0.650029 -7.59396e-06    -0.649695 -1.61372e-05
863103803    2.2978e-05 -0.000350217    -0.650029 -7.59396e-06    -0.649695 -1.61372e-05
863124439    2.2978e-05 -0.000350217    -0.642109 -7.59396e-06    -0.649695 -1.61372e-05
863144120    2.2978e-05 -0.000350217    -0.642109 -7.59396e-06    -0.649695 -1.61372e-05
863163350    2.2978e-05 -0.000350217    -0.642109 -7.59396e-06    -0.641941 -1.61372e-05
863182553    2.2978e-05 -0.000350217    -0.642109 -7.59396e-06    -0.641941 -1.51879e-05
883132007   2.13933e-05 -0.000350217    -0.642109 -7.59396e-06    -0.641941 -1.51879e-05
883186825   2.13933e-05 -0.000349424    -0.642109 -7.59396e-06    -0.641941 -1.51879e-05
883207710   2.13933e-05 -0.000349424    -0.634331 -7.59396e-06    -0.641941 -1.51879e-05
883227354   2.13933e-05 -0.000349424    -0.634331 -8.54321e-06    -0.641941 -1.51879e-05
883246770   2.13933e-05 -0.000349424    -0.634331 -8.54321e-06    -0.634108 -1.51879e-05
883265879   2.13933e-05 -0.000349424    -0.634331 -8.54321e-06    -0.634108 -1.51879e-05
903109971   2.21857e-05 -0.000349424    -0.634331 -8.54321e-06    -0.634108 -1.51879e-05
903164445   2.21857e-05 -0.000347047    -0.634331 -8.54321e-06    -0.634108 -1.51879e-05
903185148   2.21857e-05 -0.000347047    -0.626472 -8.54321e-06    -0.634108 -1.51879e-05
903204807   2.21857e-05 -0.000347047    -0.626472 -1.32894e-05    -0.634108 -1.51879e-05
903224048   2.21857e-05 -0.000347047    -0.626472 -1.32894e-05    -0.626181 -1.51879e-05
903243036   2.21857e-05 -0.000347047    -0.626472 -1.32894e-05    -0.626181 -1.61372e-05
923204072    2.2978e-05 -0.000347047    -0.626472 -1.32894e-05    -0.626181 -1.61372e-05
923259726    2.2978e-05  -0.00034467    -0.626472 -1.32894e-05    -0.626181 -1.61372e-05
923280381    2.2978e-05  -0.00034467    -0.618573 -1.32894e-05    -0.626181 -1.61372e-05
923299799    2.2978e-05  -0.00034467    -0.618573 -1.32894e-05    -0.626181 -1.61372e-05
923318975    2.2978e-05  -0.00034467    -0.618573 -1.32894e-05    -0.618458 -1.61372e-05
923338255    2.2978e-05  -0.00034467    -0.618573 -1.32894e-05    -0.618458 -1.51879e-05
943176602    2.2978e-05  -0.00034467    -0.618573 -1.32894e-05    -0.618458 -1.51879e-05
943231798    2.2978e-05  -0.00034467    -0.618573 -1.32894e-05    -0.618458 -1.51879e-05
943252288    2.2978e-05  -0.00034467    -0.610819 -1.32894e-05    -0.618458 -1.51879e-05
943271932    2.2978e-05  -0.00034467    -0.610819 -1.32894e-05    -0.618458 -1.51879e-05
943291400    2.2978e-05  -0.00034467    -0.610819 -1.32894e-05    -0.610522 -1.51879e-05
943311061    2.2978e-05  -0.00034467    -0.610819 -1.32894e-05    -0.610522 -1.51879e-05
962990495    2.2978e-05  -0.00034467    -0.610819 -1.32894e-05    -0.610522 -1.51879e-05
963045087    2.2978e-05 -0.000343086    -0.610819 -1.32894e-05    -0.610522 -1.51879e-05
963065982    2.2978e-05 -0.000343086    -0.602969 -1.32894e-05    -0.610522 -1.51879e-05
963085456    2.2978e-05 -0.000343086    -0.602969 -1.89849e-05    -0.610522 -1.51879e-05
963104345    2.2978e-05 -0.000343086    -0.602969 -1.89849e-05    -0.602638 -1.51879e-05
963123672    2.2978e-05 -0.000343086    -0.602969 -1.89849e-05    -0.602638 -1.61372e-05
983996806   2.13933e-05 -0.000343086    -0.602969 -1.89849e-05    -0.602638 -1.61372e-05
984051424   2.13933e-05 -0.000343086    -0.602969 -1.89849e-05    -0.602638 -1.61372e-05
984071480   2.13933e-05 -0.000343086    -0.594589 -1.89849e-05    -0.602638 -1.61372e-05
984090633   2.13933e-05 -0.000343086    -0.594589 -1.89849e-05    -0.602638 -1.61372e-05
984109812   2.13933e-05 -0.000343086    -0.594589 -1.89849e-05    -0.594452 -1.61372e-05
984129051   2.13933e-05 -0.000343086    -0.594589 -1.89849e-05    -0.594452 -1.42387e-05
3140958   2.21857e-05 -0.000343086    -0.594589 -1.89849e-05    -0.594452 -1.42387e-05
3194778   2.21857e-05 -0.000340709    -0.594589 -1.89849e-05    -0.594452 -1.42387e-05
3215522   2.21857e-05 -0.000340709    -0.587103 -1.89849e-05    -0.594452 -1.42387e-05
3234907   2.21857e-05 -0.000340709    -0.587103 -1.70864e-05    -0.594452 -1.42387e-05
3254151   2.21857e-05 -0.000340709    -0.587103 -1.70864e-05    -0.586961 -1.42387e-05
3273157   2.21857e-05 -0.000340709    -0.587103 -1.70864e-05    -0.586961 -1.42387e-05
23204703    2.2978e-05 -0.000340709    -0.587103 -1.70864e-05    -0.586961 -1.42387e-05
23259425    2.2978e-05 -0.000335162    -0.587103 -1.70864e-05    -0.586961 -1.42387e-05
23279309    2.2978e-05 -0.000335162    -0.579319 -1.70864e-05    -0.586961 -1.42387e-05
23299045    2.2978e-05 -0.000335162    -0.579319 -2.18326e-05    -0.586961 -1.42387e-05
23318292    2.2978e-05 -0.000335162    -0.579319 -2.18326e-05    -0.579129 -1.42387e-05
23337557    2.2978e-05 -0.000335162    -0.579319 -2.18326e-05    -0.579129 -1.61372e-05
42890593   2.13933e-05 -0.000335162    -0.579319 -2.18326e-05    -0.579129 -1.61372e-05
42946453   2.13933e-05 -0.000331993    -0.579319 -2.18326e-05    -0.579129 -1.61372e-05
42966989   2.13933e-05 -0.000331993      -0.5714 -2.18326e-05    -0.579129 -1.61372e-05
42987385   2.13933e-05 -0.000331993      -0.5714 -2.75281e-05    -0.579129 -1.61372e-05
43006556   2.13933e-05 -0.000331993      -0.5714 -2.75281e-05    -0.571225 -1.61372e-05
43025732   2.13933e-05 -0.000331993      -0.5714 -2.75281e-05    -0.571225 -1.51879e-05
63282309   2.21857e-05 -0.000331993      -0.5714 -2.75281e-05    -0.571225 -1.51879e-05
63337578   2.21857e-05  -0.00033437      -0.5714 -2.75281e-05    -0.571225 -1.51879e-05
63412562   2.21857e-05  -0.00033437    -0.563464 -2.75281e-05    -0.571225 -1.51879e-05
63433446   2.21857e-05  -0.00033437    -0.563464 -2.75281e-05    -0.571225 -1.51879e-05
63453116   2.21857e-05  -0.00033437    -0.563464 -2.75281e-05    -0.563453 -1.51879e-05
63472614   2.21857e-05  -0.00033437    -0.563464 -2.75281e-05    -0.563453 -1.51879e-05
83155440   2.21857e-05  -0.00033437    -0.563464 -2.75281e-05    -0.563453 -1.51879e-05
83209698   2.21857e-05 -0.000329616    -0.563464 -2.75281e-05    -0.563453 -1.51879e-05
83230843   2.21857e-05 -0.000329616    -0.555738 -2.75281e-05    -0.563453 -1.51879e-05
83250567   2.21857e-05 -0.000329616    -0.555738 -2.84774e-05    -0.563453 -1.51879e-05
83270266   2.21857e-05 -0.000329616    -0.555738 -2.84774e-05      -0.5557 -1.51879e-05
83290424   2.21857e-05 -0.000329616    -0.555738 -2.84774e-05      -0.5557 -1.42387e-05
103016088   2.21857e-05 -0.000329616    -0.555738 -2.84774e-05      -0.5557 -1.42387e-05
103070186   2.21857e-05 -0.000329616    -0.555738 -2.84774e-05      -0.5557 -1.42387e-05
103091080   2.21857e-05 -0.000329616    -0.547893 -2.84774e-05      -0.5557 -1.42387e-05
103110426   2.21857e-05 -0.000329616    -0.547893 -3.13251e-05      -0.5557 -1.42387e-05
103129923   2.21857e-05 -0.000329616    -0.547893 -3.13251e-05    -0.547596 -1.42387e-05
103149217   2.21857e-05 -0.000329616    -0.547893 -3.13251e-05    -0.547596 -1.51879e-05
123116529   2.13933e-05 -0.000329616    -0.547893 -3.13251e-05    -0.547596 -1.51879e-05
123171805   2.13933e-05 -0.000326446    -0.547893 -3.13251e-05    -0.547596 -1.51879e-05
123192303   2.13933e-05 -0.000326446    -0.539978 -3.13251e-05    -0.547596 -1.51879e-05
123211954   2.13933e-05 -0.000326446    -0.539978 -3.13251e-05    -0.547596 -1.51879e-05
123231197   2.13933e-05 -0.000326446    -0.539978 -3.13251e-05    -0.539844 -1.51879e-05
123250462   2.13933e-05 -0.000326446    -0.539978 -3.13251e-05    -0.539844 -1.51879e-05
143302663   2.13933e-05 -0.000326446    -0.539978 -3.13251e-05    -0.539844 -1.51879e-05
143356420   2.13933e-05   -0.0003209    -0.539978 -3.13251e-05    -0.539844 -1.51879e-05
143377090   2.13933e-05   -0.0003209    -0.532155 -3.13251e-05    -0.539844 -1.51879e-05
143396877   2.13933e-05   -0.0003209    -0.532155 -3.13251e-05    -0.539844 -1.51879e-05
143416311   2.13933e-05   -0.0003209    -0.532155 -3.13251e-05    -0.532045 -1.51879e-05
143435799   2.13933e-05   -0.0003209    -0.532155 -3.13251e-05    -0.532045 -1.51879e-05
163160997    2.2978e-05   -0.0003209    -0.532155 -3.13251e-05    -0.532045 -1.51879e-05
163216645    2.2978e-05 -0.000316938    -0.532155 -3.13251e-05    -0.532045 -1.51879e-05
163236920    2.2978e-05 -0.000316938    -0.524369 -3.13251e-05    -0.532045 -1.51879e-05
163256185    2.2978e-05 -0.000316938    -0.524369 -4.08176e-05    -0.532045 -1.51879e-05
163275463    2.2978e-05 -0.000316938    -0.524369 -4.08176e-05    -0.524093 -1.51879e-05
163294666    2.2978e-05 -0.000316938    -0.524369 -4.08176e-05    -0.524093 -1.51879e-05
183319662   2.21857e-05 -0.000316938    -0.524369 -4.08176e-05    -0.524093 -1.51879e-05
183373909   2.21857e-05 -0.000316146    -0.524369 -4.08176e-05    -0.524093 -1.51879e-05
183394594   2.21857e-05 -0.000316146    -0.516438 -4.08176e-05    -0.524093 -1.51879e-05
183413791   2.21857e-05 -0.000316146    -0.516438 -3.89191e-05    -0.524093 -1.51879e-05
183433202   2.21857e-05 -0.000316146    -0.516438 -3.89191e-05     -0.51631 -1.51879e-05
183452600   2.21857e-05 -0.000316146    -0.516438 -3.89191e-05     -0.51631 -1.61372e-05
203136954   2.13933e-05 -0.000316146    -0.516438 -3.89191e-05     -0.51631 -1.61372e-05
203190650   2.13933e-05 -0.000316938    -0.516438 -3.89191e-05     -0.51631 -1.61372e-05
203211274   2.13933e-05 -0.000316938     -0.50857 -3.89191e-05     -0.51631 -1.61372e-05
203230797   2.13933e-05 -0.000316938     -0.50857 -3.89191e-05     -0.51631 -1.61372e-05
203250127   2.13933e-05 -0.000316938     -0.50857 -3.89191e-05     -0.50853 -1.61372e-05
203269283   2.13933e-05 -0.000316938     -0.50857 -3.89191e-05     -0.50853 -1.51879e-05
223128160   2.21857e-05 -0.000316938     -0.50857 -3.89191e-05     -0.50853 -1.51879e-05
223183180   2.21857e-05 -0.000312184     -0.50857 -3.89191e-05     -0.50853 -1.51879e-05
223203816   2.21857e-05 -0.000312184    -0.500825 -3.89191e-05     -0.50853 -1.51879e-05
223223591   2.21857e-05 -0.000312184    -0.500825  -4.2716e-05     -0.50853 -1.51879e-05
223243265   2.21857e-05 -0.000312184    -0.500825  -4.2716e-05    -0.500673 -1.51879e-05
223262359   2.21857e-05 -0.000312184    -0.500825  -4.2716e-05    -0.500673 -1.42387e-05
243272886   2.13933e-05 -0.000312184    -0.500825  -4.2716e-05    -0.500673 -1.42387e-05
243327181   2.13933e-05 -0.000305053    -0.500825  -4.2716e-05    -0.500673 -1.42387e-05
243347864   2.13933e-05 -0.000305053    -0.492951  -4.2716e-05    -0.500673 -1.42387e-05
243367575   2.13933e-05 -0.000305053    -0.492951   -5.031e-05    -0.500673 -1.42387e-05
243387112   2.13933e-05 -0.000305053    -0.492951   -5.031e-05    -0.492823 -1.42387e-05
243406653   2.13933e-05 -0.000305053    -0.492951   -5.031e-05    -0.492823 -1.42387e-05
263109312   2.21857e-05 -0.000305053    -0.492951   -5.031e-05    -0.492823 -1.42387e-05
263164837   2.21857e-05 -0.000301884    -0.492951   -5.031e-05    -0.492823 -1.42387e-05
263185381   2.21857e-05 -0.000301884    -0.485055   -5.031e-05    -0.492823 -1.42387e-05
263204659   2.21857e-05 -0.000301884    -0.485055 -4.84115e-05    -0.492823 -1.42387e-05
263223980   2.21857e-05 -0.000301884    -0.485055 -4.84115e-05    -0.484884 -1.42387e-05
263243376   2.21857e-05 -0.000301884    -0.485055 -4.84115e-05    -0.484884 -1.42387e-05
283441956   2.37704e-05 -0.000301884    -0.485055 -4.84115e-05    -0.484884 -1.42387e-05
283495552   2.37704e-05 -0.000300299    -0.485055 -4.84115e-05    -0.484884 -1.42387e-05
283515977   2.37704e-05 -0.000300299    -0.477123 -4.84115e-05    -0.484884 -1.42387e-05
283535440   2.37704e-05 -0.000300299    -0.477123 -4.93608e-05    -0.484884 -1.42387e-05
283554925   2.37704e-05 -0.000300299    -0.477123 -4.93608e-05    -0.477011 -1.42387e-05
283574303   2.37704e-05 -0.000300299    -0.477123 -4.93608e-05    -0.477011 -1.51879e-05
303147617   2.21857e-05 -0.000300299    -0.477123 -4.93608e-05    -0.477011 -1.51879e-05
303200895   2.21857e-05 -0.000296337    -0.477123 -4.93608e-05    -0.477011 -1.51879e-05
303221546   2.21857e-05 -0.000296337    -0.469312 -4.93608e-05    -0.477011 -1.51879e-05
303241076   2.21857e-05 -0.000296337    -0.469312 -5.22085e-05    -0.477011 -1.51879e-05
303260371   2.21857e-05 -0.000296337    -0.469312 -5.22085e-05    -0.469204 -1.51879e-05
303279665   2.21857e-05 -0.000296337    -0.469312 -5.22085e-05    -0.469204 -1.61372e-05
323499768   2.13933e-05 -0.000296337    -0.469312 -5.22085e-05    -0.469204 -1.61372e-05
323553886   2.13933e-05 -0.000293168    -0.469312 -5.22085e-05    -0.469204 -1.61372e-05
323575016   2.13933e-05 -0.000293168    -0.461211 -5.22085e-05    -0.469204 -1.61372e-05
323594733   2.13933e-05 -0.000293168    -0.461211 -5.12593e-05    -0.469204 -1.61372e-05
323614284   2.13933e-05 -0.000293168    -0.461211 -5.12593e-05    -0.461207 -1.61372e-05
323634211   2.13933e-05 -0.000293168    -0.461211 -5.12593e-05    -0.461207 -1.51879e-05
343143189    2.2978e-05 -0.000293168    -0.461211 -5.12593e-05    -0.461207 -1.51879e-05
343199412    2.2978e-05 -0.000288414    -0.461211 -5.12593e-05    -0.461207 -1.51879e-05
343219994    2.2978e-05 -0.000288414    -0.453608 -5.12593e-05    -0.461207 -1.51879e-05
343239368    2.2978e-05 -0.000288414    -0.453608 -5.12593e-05    -0.461207 -1.51879e-05
343258701    2.2978e-05 -0.000288414    -0.453608 -5.12593e-05    -0.453582 -1.51879e-05
343277980    2.2978e-05 -0.000288414    -0.453608 -5.12593e-05    -0.453582 -1.42387e-05
363164207    2.2978e-05 -0.000288414    -0.453608 -5.12593e-05    -0.453582 -1.42387e-05
363218839    2.2978e-05 -0.000284452    -0.453608 -5.12593e-05    -0.453582 -1.42387e-05
363239860    2.2978e-05 -0.000284452    -0.445797 -5.12593e-05    -0.453582 -1.42387e-05
363259944    2.2978e-05 -0.000284452    -0.445797 -5.98025e-05    -0.453582 -1.42387e-05
363344817    2.2978e-05 -0.000284452    -0.445797 -5.98025e-05     -0.44564 -1.42387e-05
363365446    2.2978e-05 -0.000284452    -0.445797 -5.98025e-05     -0.44564 -1.61372e-05
383117616   2.21857e-05 -0.000284452    -0.445797 -5.98025e-05     -0.44564 -1.61372e-05
383170870   2.21857e-05 -0.000276529    -0.445797 -5.98025e-05     -0.44564 -1.61372e-05
383191223   2.21857e-05 -0.000276529    -0.437917 -5.98025e-05     -0.44564 -1.61372e-05
383210863   2.21857e-05 -0.000276529    -0.437917 -5.69547e-05     -0.44564 -1.61372e-05
383230050   2.21857e-05 -0.000276529    -0.437917 -5.69547e-05    -0.437815 -1.61372e-05
383248956   2.21857e-05 -0.000276529    -0.437917 -5.69547e-05    -0.437815 -1.42387e-05
403148008    2.2978e-05 -0.000276529    -0.437917 -5.69547e-05    -0.437815 -1.42387e-05
403200657    2.2978e-05 -0.000274152    -0.437917 -5.69547e-05    -0.437815 -1.42387e-05
403220518    2.2978e-05 -0.000274152    -0.430042 -5.69547e-05    -0.437815 -1.42387e-05
403240016    2.2978e-05 -0.000274152    -0.430042  -5.7904e-05    -0.437815 -1.42387e-05
403259588    2.2978e-05 -0.000274152    -0.430042  -5.7904e-05    -0.430076 -1.42387e-05
403278816    2.2978e-05 -0.000274152    -0.430042  -5.7904e-05    -0.430076 -1.42387e-05
422870126   2.21857e-05 -0.000274152    -0.430042  -5.7904e-05    -0.430076 -1.42387e-05
422910041   2.21857e-05 -0.000269397    -0.430042  -5.7904e-05    -0.430076 -1.42387e-05
422929252   2.21857e-05 -0.000269397    -0.422267  -5.7904e-05    -0.430076 -1.42387e-05
422947616   2.21857e-05 -0.000269397    -0.422267 -5.98025e-05    -0.430076 -1.42387e-05
422965318   2.21857e-05 -0.000269397    -0.422267 -5.98025e-05    -0.422092 -1.42387e-05
422983243   2.21857e-05 -0.000269397    -0.422267 -5.98025e-05    -0.422092 -1.42387e-05
443323089   2.21857e-05 -0.000269397    -0.422267 -5.98025e-05    -0.422092 -1.42387e-05
443377781   2.21857e-05 -0.000263059    -0.422267 -5.98025e-05    -0.422092 -1.42387e-05
443398035   2.21857e-05 -0.000263059    -0.414264 -5.98025e-05    -0.422092 -1.42387e-05
443417265   2.21857e-05 -0.000263059    -0.414264 -6.35994e-05    -0.422092 -1.42387e-05
443436315   2.21857e-05 -0.000263059    -0.414264 -6.35994e-05    -0.414114 -1.42387e-05
443455563   2.21857e-05 -0.000263059    -0.414264 -6.35994e-05    -0.414114 -1.42387e-05
463102329   2.21857e-05 -0.000263059    -0.414264 -6.35994e-05    -0.414114 -1.42387e-05
463154973   2.21857e-05 -0.000254343    -0.414264 -6.35994e-05    -0.414114 -1.42387e-05
463175321   2.21857e-05 -0.000254343    -0.406492 -6.35994e-05    -0.414114 -1.42387e-05
463195059   2.21857e-05 -0.000254343    -0.406492 -6.07517e-05    -0.414114 -1.42387e-05
463214762   2.21857e-05 -0.000254343    -0.406492 -6.07517e-05    -0.406425 -1.42387e-05
463234355   2.21857e-05 -0.000254343    -0.406492 -6.07517e-05    -0.406425 -1.51879e-05
483136500   2.21857e-05 -0.000254343    -0.406492 -6.07517e-05    -0.406425 -1.51879e-05
483187492   2.21857e-05 -0.000248004    -0.406492 -6.07517e-05    -0.406425 -1.51879e-05
483206599   2.21857e-05 -0.000248004    -0.398774 -6.07517e-05    -0.406425 -1.51879e-05
483224756   2.21857e-05 -0.000248004    -0.398774 -5.98025e-05    -0.406425 -1.51879e-05
483242766   2.21857e-05 -0.000248004    -0.398774 -5.98025e-05    -0.398584 -1.51879e-05
483260632   2.21857e-05 -0.000248004    -0.398774 -5.98025e-05    -0.398584 -1.42387e-05
503078656   2.21857e-05 -0.000248004    -0.398774 -5.98025e-05    -0.398584 -1.42387e-05
503133702   2.21857e-05 -0.000240081    -0.398774 -5.98025e-05    -0.398584 -1.42387e-05
503154062   2.21857e-05 -0.000240081    -0.390927 -5.98025e-05    -0.398584 -1.42387e-05
503173920   2.21857e-05 -0.000240081    -0.390927 -6.35994e-05    -0.398584 -1.42387e-05
503193064   2.21857e-05 -0.000240081    -0.390927 -6.35994e-05    -0.390667 -1.42387e-05
503212332   2.21857e-05 -0.000240081    -0.390927 -6.35994e-05    -0.390667 -1.51879e-05
525348782    2.2978e-05 -0.000240081    -0.390927 -6.35994e-05    -0.390667 -1.51879e-05
525403277    2.2978e-05 -0.000236911    -0.390927 -6.35994e-05    -0.390667 -1.51879e-05
525423504    2.2978e-05 -0.000236911    -0.382113 -6.35994e-05    -0.390667 -1.51879e-05
525443108    2.2978e-05 -0.000236911    -0.382113 -6.35994e-05    -0.390667 -1.51879e-05
525462160    2.2978e-05 -0.000236911    -0.382113 -6.35994e-05    -0.382003 -1.51879e-05
525481440    2.2978e-05 -0.000236911    -0.382113 -6.35994e-05    -0.382003 -1.32894e-05
543052080    2.2978e-05 -0.000236911    -0.382113 -6.35994e-05    -0.382003 -1.32894e-05
543105832    2.2978e-05 -0.000232157    -0.382113 -6.35994e-05    -0.382003 -1.32894e-05
543125988    2.2978e-05 -0.000232157    -0.375102 -6.35994e-05    -0.382003 -1.32894e-05
543145675    2.2978e-05 -0.000232157    -0.375102 -6.35994e-05    -0.382003 -1.32894e-05
543164924    2.2978e-05 -0.000232157    -0.375102 -6.35994e-05    -0.375089 -1.32894e-05
543183991    2.2978e-05 -0.000232157    -0.375102 -6.35994e-05    -0.375089 -1.42387e-05
563259476   2.21857e-05 -0.000232157    -0.375102 -6.35994e-05    -0.375089 -1.42387e-05
563313858   2.21857e-05 -0.000222649    -0.375102 -6.35994e-05    -0.375089 -1.42387e-05
563334594   2.21857e-05 -0.000222649    -0.367174 -6.35994e-05    -0.375089 -1.42387e-05
563354029   2.21857e-05 -0.000222649    -0.367174 -7.02442e-05    -0.375089 -1.42387e-05
563373236   2.21857e-05 -0.000222649    -0.367174 -7.02442e-05    -0.367096 -1.42387e-05
563392632   2.21857e-05 -0.000222649    -0.367174 -7.02442e-05    -0.367096 -1.51879e-05
583026271   2.21857e-05 -0.000222649    -0.367174 -7.02442e-05    -0.367096 -1.51879e-05
583079515   2.21857e-05 -0.000212349    -0.367174 -7.02442e-05    -0.367096 -1.51879e-05
583100253   2.21857e-05 -0.000212349    -0.359414 -7.02442e-05    -0.367096 -1.51879e-05
583119628   2.21857e-05 -0.000212349    -0.359414 -6.54979e-05    -0.367096 -1.51879e-05
583138880   2.21857e-05 -0.000212349    -0.359414 -6.54979e-05    -0.359251 -1.51879e-05
583157982   2.21857e-05 -0.000212349    -0.359414 -6.54979e-05    -0.359251 -1.42387e-05
603156243   2.21857e-05 -0.000212349    -0.359414 -6.54979e-05    -0.359251 -1.42387e-05
603211610   2.21857e-05 -0.000207595    -0.359414 -6.54979e-05    -0.359251 -1.42387e-05
603232126   2.21857e-05 -0.000207595    -0.351526 -6.54979e-05    -0.359251 -1.42387e-05
603252266   2.21857e-05 -0.000207595    -0.351526 -6.35994e-05    -0.359251 -1.42387e-05
603271710   2.21857e-05 -0.000207595    -0.351526 -6.35994e-05    -0.351469 -1.42387e-05
603290995   2.21857e-05 -0.000207595    -0.351526 -6.35994e-05    -0.351469 -1.51879e-05
623157889   2.13933e-05 -0.000207595    -0.351526 -6.35994e-05    -0.351469 -1.51879e-05
623211291   2.13933e-05 -0.000205217    -0.351526 -6.35994e-05    -0.351469 -1.51879e-05
623231525   2.13933e-05 -0.000205217    -0.343687 -6.35994e-05    -0.351469 -1.51879e-05
623251008   2.13933e-05 -0.000205217    -0.343687 -6.73964e-05    -0.351469 -1.51879e-05
623270122   2.13933e-05 -0.000205217    -0.343687 -6.73964e-05    -0.343669 -1.51879e-05
623289298   2.13933e-05 -0.000205217    -0.343687 -6.73964e-05    -0.343669 -1.42387e-05
643038699   2.21857e-05 -0.000205217    -0.343687 -6.73964e-05    -0.343669 -1.42387e-05
643092935   2.21857e-05 -0.000198879    -0.343687 -6.73964e-05    -0.343669 -1.42387e-05
643113125   2.21857e-05 -0.000198879    -0.335784 -6.73964e-05    -0.343669 -1.42387e-05
643132394   2.21857e-05 -0.000198879    -0.335784 -6.64472e-05    -0.343669 -1.42387e-05
643151565   2.21857e-05 -0.000198879    -0.335784 -6.64472e-05    -0.335729 -1.42387e-05
643186168   2.21857e-05 -0.000198879    -0.335784 -6.64472e-05    -0.335729 -1.51879e-05
663436691    2.2978e-05 -0.000198879    -0.335784 -6.64472e-05    -0.335729 -1.51879e-05
663492304    2.2978e-05  -0.00019254    -0.335784 -6.64472e-05    -0.335729 -1.51879e-05
663513103    2.2978e-05  -0.00019254    -0.327733 -6.64472e-05    -0.335729 -1.51879e-05
663532716    2.2978e-05  -0.00019254    -0.327733 -6.35994e-05    -0.335729 -1.51879e-05
663552283    2.2978e-05  -0.00019254    -0.327733 -6.35994e-05    -0.327835 -1.51879e-05
663571632    2.2978e-05  -0.00019254    -0.327733 -6.35994e-05    -0.327835 -1.42387e-05
683106681    2.2978e-05  -0.00019254    -0.327733 -6.35994e-05    -0.327835 -1.42387e-05
683160741    2.2978e-05 -0.000186201    -0.327733 -6.35994e-05    -0.327835 -1.42387e-05
683181372    2.2978e-05 -0.000186201    -0.320059 -6.35994e-05    -0.327835 -1.42387e-05
683200844    2.2978e-05 -0.000186201    -0.320059 -6.26502e-05    -0.327835 -1.42387e-05
683220018    2.2978e-05 -0.000186201    -0.320059 -6.26502e-05    -0.320087 -1.42387e-05
683239167    2.2978e-05 -0.000186201    -0.320059 -6.26502e-05    -0.320087 -1.42387e-05
703090379   2.21857e-05 -0.000186201    -0.320059 -6.26502e-05    -0.320087 -1.42387e-05
703144375   2.21857e-05  -0.00016877    -0.320059 -6.26502e-05    -0.320087 -1.42387e-05
703165770   2.21857e-05  -0.00016877    -0.312235 -6.26502e-05    -0.320087 -1.42387e-05
703185420   2.21857e-05  -0.00016877    -0.312235 -6.83457e-05    -0.320087 -1.42387e-05
703204984   2.21857e-05  -0.00016877    -0.312235 -6.83457e-05    -0.312128 -1.42387e-05
703224578   2.21857e-05  -0.00016877    -0.312235 -6.83457e-05    -0.312128 -1.42387e-05
723087578   2.13933e-05  -0.00016877    -0.312235 -6.83457e-05    -0.312128 -1.42387e-05
723141085   2.13933e-05   -0.0001553    -0.312235 -6.83457e-05    -0.312128 -1.42387e-05
723162268   2.13933e-05   -0.0001553    -0.304369 -6.83457e-05    -0.312128 -1.42387e-05
723181866   2.13933e-05   -0.0001553    -0.304369 -6.83457e-05    -0.312128 -1.42387e-05
723201339   2.13933e-05   -0.0001553    -0.304369 -6.83457e-05    -0.304415 -1.42387e-05
723220635   2.13933e-05   -0.0001553    -0.304369 -6.83457e-05    -0.304415 -1.32894e-05
743040984   2.21857e-05   -0.0001553    -0.304369 -6.83457e-05    -0.304415 -1.32894e-05
743096466   2.21857e-05 -0.000156092    -0.304369 -6.83457e-05    -0.304415 -1.32894e-05
743117193   2.21857e-05 -0.000156092    -0.296546 -6.83457e-05    -0.304415 -1.32894e-05
743136334   2.21857e-05 -0.000156092    -0.296546 -6.35994e-05    -0.304415 -1.32894e-05
743155458   2.21857e-05 -0.000156092    -0.296546 -6.35994e-05    -0.296523 -1.32894e-05
743174423   2.21857e-05 -0.000156092    -0.296546 -6.35994e-05    -0.296523 -1.42387e-05
763188252   2.21857e-05 -0.000156092    -0.296546 -6.35994e-05    -0.296523 -1.42387e-05
763242343   2.21857e-05 -0.000147376    -0.296546 -6.35994e-05    -0.296523 -1.42387e-05
763262607   2.21857e-05 -0.000147376    -0.288612 -6.35994e-05    -0.296523 -1.42387e-05
763281986   2.21857e-05 -0.000147376    -0.288612 -6.92949e-05    -0.296523 -1.42387e-05
763301200   2.21857e-05 -0.000147376    -0.288612 -6.92949e-05    -0.288499 -1.42387e-05
763320403   2.21857e-05 -0.000147376    -0.288612 -6.92949e-05    -0.288499 -1.42387e-05
783016728   2.13933e-05 -0.000147376    -0.288612 -6.92949e-05    -0.288499 -1.42387e-05
783070732   2.13933e-05 -0.000133114    -0.288612 -6.92949e-05    -0.288499 -1.42387e-05
783090986   2.13933e-05 -0.000133114    -0.280798 -6.92949e-05    -0.288499 -1.42387e-05
783110758   2.13933e-05 -0.000133114    -0.280798 -6.64472e-05    -0.288499 -1.42387e-05
783130197   2.13933e-05 -0.000133114    -0.280798 -6.64472e-05    -0.280799 -1.42387e-05
783149328   2.13933e-05 -0.000133114    -0.280798 -6.64472e-05    -0.280799 -1.51879e-05
803011565   2.21857e-05 -0.000133114    -0.280798 -6.64472e-05    -0.280799 -1.51879e-05
803065420   2.21857e-05 -0.000122021    -0.280798 -6.64472e-05    -0.280799 -1.51879e-05
803085784   2.21857e-05 -0.000122021    -0.272956 -6.64472e-05    -0.280799 -1.51879e-05
803105185   2.21857e-05 -0.000122021    -0.272956 -6.35994e-05    -0.280799 -1.51879e-05
803124249   2.21857e-05 -0.000122021    -0.272956 -6.35994e-05     -0.27294 -1.51879e-05
803143564   2.21857e-05 -0.000122021    -0.272956 -6.35994e-05     -0.27294 -1.51879e-05
823127868   2.13933e-05 -0.000122021    -0.272956 -6.35994e-05     -0.27294 -1.51879e-05
823182813   2.13933e-05 -0.000113305    -0.272956 -6.35994e-05     -0.27294 -1.51879e-05
823202928   2.13933e-05 -0.000113305    -0.265163 -6.35994e-05     -0.27294 -1.51879e-05
823222333   2.13933e-05 -0.000113305    -0.265163 -6.83457e-05     -0.27294 -1.51879e-05
823241629   2.13933e-05 -0.000113305    -0.265163 -6.83457e-05    -0.265131 -1.51879e-05
823260880   2.13933e-05 -0.000113305    -0.265163 -6.83457e-05    -0.265131 -1.42387e-05
843100189    2.0601e-05 -0.000113305    -0.265163 -6.83457e-05    -0.265131 -1.42387e-05
843155069    2.0601e-05 -9.74585e-05    -0.265163 -6.83457e-05    -0.265131 -1.42387e-05
843175208    2.0601e-05 -9.74585e-05    -0.257315 -6.83457e-05    -0.265131 -1.42387e-05
843194706    2.0601e-05 -9.74585e-05    -0.257315 -6.45487e-05    -0.265131 -1.42387e-05
843213945    2.0601e-05 -9.74585e-05    -0.257315 -6.45487e-05    -0.257234 -1.42387e-05
843233569    2.0601e-05 -9.74585e-05    -0.257315 -6.45487e-05    -0.257234 -1.42387e-05
863476903   2.21857e-05 -9.74585e-05    -0.257315 -6.45487e-05    -0.257234 -1.42387e-05
863530382   2.21857e-05 -9.74585e-05    -0.257315 -6.45487e-05    -0.257234 -1.42387e-05
863550562   2.21857e-05 -9.74585e-05    -0.249329 -6.45487e-05    -0.257234 -1.42387e-05
863569799   2.21857e-05 -9.74585e-05    -0.249329 -6.26502e-05    -0.257234 -1.42387e-05
863589028   2.21857e-05 -9.74585e-05    -0.249329 -6.26502e-05    -0.249363 -1.42387e-05
863608060   2.21857e-05 -9.74585e-05    -0.249329 -6.26502e-05    -0.249363 -1.42387e-05
883280557    2.2978e-05 -9.74585e-05    -0.249329 -6.26502e-05    -0.249363 -1.42387e-05
883335638    2.2978e-05 -9.58738e-05    -0.249329 -6.26502e-05    -0.249363 -1.42387e-05
883356050    2.2978e-05 -9.58738e-05    -0.241631 -6.26502e-05    -0.249363 -1.42387e-05
883375090    2.2978e-05 -9.58738e-05    -0.241631 -6.26502e-05    -0.249363 -1.42387e-05
883394188    2.2978e-05 -9.58738e-05    -0.241631 -6.26502e-05    -0.241667 -1.42387e-05
883413366    2.2978e-05 -9.58738e-05    -0.241631 -6.26502e-05    -0.241667 -1.32894e-05
903224297   2.21857e-05 -9.58738e-05    -0.241631 -6.26502e-05    -0.241667 -1.32894e-05
903278992   2.21857e-05  -8.4781e-05    -0.241631 -6.26502e-05    -0.241667 -1.32894e-05
903299653   2.21857e-05  -8.4781e-05    -0.233806 -6.26502e-05    -0.241667 -1.32894e-05
903319163   2.21857e-05  -8.4781e-05    -0.233806 -6.64472e-05    -0.241667 -1.32894e-05
903338427   2.21857e-05  -8.4781e-05    -0.233806 -6.64472e-05     -0.23359 -1.32894e-05
903358043   2.21857e-05  -8.4781e-05    -0.233806 -6.64472e-05     -0.23359 -1.42387e-05
923345377   2.13933e-05  -8.4781e-05    -0.233806 -6.64472e-05     -0.23359 -1.42387e-05
923401381   2.13933e-05 -7.28958e-05    -0.233806 -6.64472e-05     -0.23359 -1.42387e-05
923421707   2.13933e-05 -7.28958e-05      -0.2258 -6.64472e-05     -0.23359 -1.42387e-05
923441378   2.13933e-05 -7.28958e-05      -0.2258 -6.54979e-05     -0.23359 -1.42387e-05
923460557   2.13933e-05 -7.28958e-05      -0.2258 -6.54979e-05    -0.225733 -1.42387e-05
923479962   2.13933e-05 -7.28958e-05      -0.2258 -6.54979e-05    -0.225733 -1.42387e-05
943586736   2.21857e-05 -7.28958e-05      -0.2258 -6.54979e-05    -0.225733 -1.42387e-05
943639576   2.21857e-05 -6.97264e-05      -0.2258 -6.54979e-05    -0.225733 -1.42387e-05
943659949   2.21857e-05 -6.97264e-05    -0.217802 -6.54979e-05    -0.225733 -1.42387e-05
943679539   2.21857e-05 -6.97264e-05    -0.217802 -6.26502e-05    -0.225733 -1.42387e-05
943698814   2.21857e-05 -6.97264e-05    -0.217802 -6.26502e-05    -0.217874 -1.42387e-05
943717997   2.21857e-05 -6.97264e-05    -0.217802 -6.26502e-05    -0.217874 -1.42387e-05
963225052   2.13933e-05 -6.97264e-05    -0.217802 -6.26502e-05    -0.217874 -1.42387e-05
963278667   2.13933e-05  -6.6557e-05    -0.217802 -6.26502e-05    -0.217874 -1.42387e-05
963299463   2.13933e-05  -6.6557e-05    -0.210149 -6.26502e-05    -0.217874 -1.42387e-05
963319163   2.13933e-05  -6.6557e-05    -0.210149 -6.73964e-05    -0.217874 -1.42387e-05
963338362   2.13933e-05  -6.6557e-05    -0.210149 -6.73964e-05    -0.210104 -1.42387e-05
963357656   2.13933e-05  -6.6557e-05    -0.210149 -6.73964e-05    -0.210104 -1.42387e-05
983071341   2.21857e-05  -6.6557e-05    -0.210149 -6.73964e-05    -0.210104 -1.42387e-05
983125771   2.21857e-05 -6.02183e-05    -0.210149 -6.73964e-05    -0.210104 -1.42387e-05
983146589   2.21857e-05 -6.02183e-05    -0.202254 -6.73964e-05    -0.210104 -1.42387e-05
983227423   2.21857e-05 -6.02183e-05    -0.202254 -6.35994e-05    -0.210104 -1.42387e-05
983247163   2.21857e-05 -6.02183e-05    -0.202254 -6.35994e-05    -0.202309 -1.42387e-05
983266620   2.21857e-05 -6.02183e-05    -0.202254 -6.35994e-05    -0.202309 -1.32894e-05
3240592   2.21857e-05 -6.02183e-05    -0.202254 -6.35994e-05    -0.202309 -1.32894e-05
3295866   2.21857e-05 -6.02183e-05    -0.202254 -6.35994e-05    -0.202309 -1.32894e-05
3315801   2.21857e-05 -6.02183e-05     -0.19445 -6.35994e-05    -0.202309 -1.32894e-05
3335253   2.21857e-05 -6.02183e-05     -0.19445  -6.1701e-05    -0.202309 -1.32894e-05
3354809   2.21857e-05 -6.02183e-05     -0.19445  -6.1701e-05     -0.19458 -1.32894e-05
3373999   2.21857e-05 -6.02183e-05     -0.19445  -6.1701e-05     -0.19458 -1.32894e-05
23084252    2.2978e-05 -6.02183e-05     -0.19445  -6.1701e-05     -0.19458 -1.32894e-05
23137573    2.2978e-05 -6.10106e-05     -0.19445  -6.1701e-05     -0.19458 -1.32894e-05
23157845    2.2978e-05 -6.10106e-05    -0.186761  -6.1701e-05     -0.19458 -1.32894e-05
23177582    2.2978e-05 -6.10106e-05    -0.186761 -6.26502e-05     -0.19458 -1.32894e-05
23196853    2.2978e-05 -6.10106e-05    -0.186761 -6.26502e-05    -0.186867 -1.32894e-05
23215871    2.2978e-05 -6.10106e-05    -0.186761 -6.26502e-05    -0.186867 -1.32894e-05
43280153   2.13933e-05 -6.10106e-05    -0.186761 -6.26502e-05    -0.186867 -1.32894e-05
43334229   2.13933e-05 -5.07101e-05    -0.186761 -6.26502e-05    -0.186867 -1.32894e-05
43354827   2.13933e-05 -5.07101e-05    -0.179103 -6.26502e-05    -0.186867 -1.32894e-05
43374296   2.13933e-05 -5.07101e-05    -0.179103 -6.26502e-05    -0.186867 -1.32894e-05
43393805   2.13933e-05 -5.07101e-05    -0.179103 -6.26502e-05    -0.179263 -1.32894e-05
43413164   2.13933e-05 -5.07101e-05    -0.179103 -6.26502e-05    -0.179263 -1.32894e-05
63176485   2.21857e-05 -5.07101e-05    -0.179103 -6.26502e-05    -0.179263 -1.32894e-05
63229133   2.21857e-05  -4.5956e-05    -0.179103 -6.26502e-05    -0.179263 -1.32894e-05
63250037   2.21857e-05  -4.5956e-05    -0.171581 -6.26502e-05    -0.179263 -1.32894e-05
63269474   2.21857e-05  -4.5956e-05    -0.171581  -6.1701e-05    -0.179263 -1.32894e-05
63289015   2.21857e-05  -4.5956e-05    -0.171581  -6.1701e-05     -0.17176 -1.32894e-05
63308602   2.21857e-05  -4.5956e-05    -0.171581  -6.1701e-05     -0.17176 -1.32894e-05
83171470   2.21857e-05  -4.5956e-05    -0.171581  -6.1701e-05     -0.17176 -1.32894e-05
83226144   2.21857e-05  -4.1202e-05    -0.171581  -6.1701e-05     -0.17176 -1.32894e-05
83247080   2.21857e-05  -4.1202e-05    -0.164255  -6.1701e-05     -0.17176 -1.32894e-05
83266579   2.21857e-05  -4.1202e-05    -0.164255 -6.26502e-05     -0.17176 -1.32894e-05
83285989   2.21857e-05  -4.1202e-05    -0.164255 -6.26502e-05     -0.16455 -1.32894e-05
83305370   2.21857e-05  -4.1202e-05    -0.164255 -6.26502e-05     -0.16455 -1.42387e-05
102964379    2.2978e-05  -4.1202e-05    -0.164255 -6.26502e-05     -0.16455 -1.42387e-05
103019575    2.2978e-05 -2.69397e-05    -0.164255 -6.26502e-05     -0.16455 -1.42387e-05
103039814    2.2978e-05 -2.69397e-05     -0.15711 -6.26502e-05     -0.16455 -1.42387e-05
103059435    2.2978e-05 -2.69397e-05     -0.15711 -6.35994e-05     -0.16455 -1.42387e-05
103078802    2.2978e-05 -2.69397e-05     -0.15711 -6.35994e-05    -0.157387 -1.42387e-05
103098197    2.2978e-05 -2.69397e-05     -0.15711 -6.35994e-05    -0.157387 -1.23402e-05
123024144    2.2978e-05 -2.69397e-05     -0.15711 -6.35994e-05    -0.157387 -1.23402e-05
123076148    2.2978e-05 -1.26775e-05     -0.15711 -6.35994e-05    -0.157387 -1.23402e-05
123096357    2.2978e-05 -1.26775e-05    -0.150153 -6.35994e-05    -0.157387 -1.23402e-05
123115792    2.2978e-05 -1.26775e-05    -0.150153 -6.26502e-05    -0.157387 -1.23402e-05
123135533    2.2978e-05 -1.26775e-05    -0.150153 -6.26502e-05    -0.150409 -1.23402e-05
123154971    2.2978e-05 -1.26775e-05    -0.150153 -6.26502e-05    -0.150409 -1.32894e-05
142948557   2.21857e-05 -1.26775e-05    -0.150153 -6.26502e-05    -0.150409 -1.32894e-05
143001595   2.21857e-05 -9.50815e-06    -0.150153 -6.26502e-05    -0.150409 -1.32894e-05
143021926   2.21857e-05 -9.50815e-06    -0.143349 -6.26502e-05    -0.150409 -1.32894e-05
143041127   2.21857e-05 -9.50815e-06    -0.143349 -6.07517e-05    -0.150409 -1.32894e-05
143060175   2.21857e-05 -9.50815e-06    -0.143349 -6.07517e-05    -0.143624 -1.32894e-05
143079093   2.21857e-05 -9.50815e-06    -0.143349 -6.07517e-05    -0.143624 -1.23402e-05
163006771   2.21857e-05 -9.50815e-06    -0.143349 -6.07517e-05    -0.143624 -1.23402e-05
163061030   2.21857e-05 -1.10928e-05    -0.143349 -6.07517e-05    -0.143624 -1.23402e-05
163081509   2.21857e-05 -1.10928e-05     -0.13673 -6.07517e-05    -0.143624 -1.23402e-05
163102038   2.21857e-05 -1.10928e-05     -0.13673  -6.1701e-05    -0.143624 -1.23402e-05
163122044   2.21857e-05 -1.10928e-05     -0.13673  -6.1701e-05    -0.137026 -1.23402e-05
163141573   2.21857e-05 -1.10928e-05     -0.13673  -6.1701e-05    -0.137026 -1.23402e-05
182930548   2.13933e-05 -1.10928e-05     -0.13673  -6.1701e-05    -0.137026 -1.23402e-05
182984102   2.13933e-05 -3.96173e-06     -0.13673  -6.1701e-05    -0.137026 -1.23402e-05
183005043   2.13933e-05 -3.96173e-06    -0.130305  -6.1701e-05    -0.137026 -1.23402e-05
183024500   2.13933e-05 -3.96173e-06    -0.130305  -6.1701e-05    -0.137026 -1.23402e-05
183043772   2.13933e-05 -3.96173e-06    -0.130305  -6.1701e-05    -0.130464 -1.23402e-05
183062968   2.13933e-05 -3.96173e-06    -0.130305  -6.1701e-05    -0.130464 -1.42387e-05
203044442   2.21857e-05 -3.96173e-06    -0.130305  -6.1701e-05    -0.130464 -1.42387e-05
203098727   2.21857e-05  7.92345e-07    -0.130305  -6.1701e-05    -0.130464 -1.42387e-05
203119601   2.21857e-05  7.92345e-07    -0.123909  -6.1701e-05    -0.130464 -1.42387e-05
203139557   2.21857e-05  7.92345e-07    -0.123909  -6.1701e-05    -0.130464 -1.42387e-05
203159046   2.21857e-05  7.92345e-07    -0.123909  -6.1701e-05    -0.124154 -1.42387e-05
203178790   2.21857e-05  7.92345e-07    -0.123909  -6.1701e-05    -0.124154 -1.42387e-05
223354191   2.21857e-05  7.92345e-07    -0.123909  -6.1701e-05    -0.124154 -1.42387e-05
223410007   2.21857e-05  6.33876e-06    -0.123909  -6.1701e-05    -0.124154 -1.42387e-05
223430877   2.21857e-05  6.33876e-06     -0.11759  -6.1701e-05    -0.124154 -1.42387e-05
223451302   2.21857e-05  6.33876e-06     -0.11759 -5.88532e-05    -0.124154 -1.42387e-05
223471214   2.21857e-05  6.33876e-06     -0.11759 -5.88532e-05    -0.117967 -1.42387e-05
223490527   2.21857e-05  6.33876e-06     -0.11759 -5.88532e-05    -0.117967 -1.32894e-05
243276284   2.21857e-05  6.33876e-06     -0.11759 -5.88532e-05    -0.117967 -1.32894e-05
243331898   2.21857e-05  3.96173e-06     -0.11759 -5.88532e-05    -0.117967 -1.32894e-05
243352922   2.21857e-05  3.96173e-06    -0.111569 -5.88532e-05    -0.117967 -1.32894e-05
243372846   2.21857e-05  3.96173e-06    -0.111569 -5.88532e-05    -0.117967 -1.32894e-05
243392198   2.21857e-05  3.96173e-06    -0.111569 -5.88532e-05    -0.111923 -1.32894e-05
243412217   2.21857e-05  3.96173e-06    -0.111569 -5.88532e-05    -0.111923 -1.32894e-05
263399123   2.13933e-05  3.96173e-06    -0.111569 -5.88532e-05    -0.111923 -1.32894e-05
263451703   2.13933e-05  1.42622e-05    -0.111569 -5.88532e-05    -0.111923 -1.32894e-05
263471979   2.13933e-05  1.42622e-05     -0.10582 -5.88532e-05    -0.111923 -1.32894e-05
263491701   2.13933e-05  1.42622e-05     -0.10582  -5.7904e-05    -0.111923 -1.32894e-05
263511336   2.13933e-05  1.42622e-05     -0.10582  -5.7904e-05    -0.105978 -1.32894e-05
263530812   2.13933e-05  1.42622e-05     -0.10582  -5.7904e-05    -0.105978 -1.42387e-05
283311288    2.0601e-05  1.42622e-05     -0.10582  -5.7904e-05    -0.105978 -1.42387e-05
283364901    2.0601e-05   2.2978e-05     -0.10582  -5.7904e-05    -0.105978 -1.42387e-05
283386109    2.0601e-05   2.2978e-05    -0.100095  -5.7904e-05    -0.105978 -1.42387e-05
283406254    2.0601e-05   2.2978e-05    -0.100095 -5.98025e-05    -0.105978 -1.42387e-05
283425806    2.0601e-05   2.2978e-05    -0.100095 -5.98025e-05    -0.100373 -1.42387e-05
283506137    2.0601e-05   2.2978e-05    -0.100095 -5.98025e-05    -0.100373 -1.42387e-05
303067908   2.21857e-05   2.2978e-05    -0.100095 -5.98025e-05    -0.100373 -1.42387e-05
303122636   2.21857e-05  2.69397e-05    -0.100095 -5.98025e-05    -0.100373 -1.42387e-05
303143114   2.21857e-05  2.69397e-05   -0.0945577 -5.98025e-05    -0.100373 -1.42387e-05
303163342   2.21857e-05  2.69397e-05   -0.0945577  -5.7904e-05    -0.100373 -1.42387e-05
303183048   2.21857e-05  2.69397e-05   -0.0945577  -5.7904e-05   -0.0949473 -1.42387e-05
303202456   2.21857e-05  2.69397e-05   -0.0945577  -5.7904e-05   -0.0949473 -1.32894e-05
323034612   2.13933e-05  2.69397e-05   -0.0945577  -5.7904e-05   -0.0949473 -1.32894e-05
323087838   2.13933e-05  2.37704e-05   -0.0945577  -5.7904e-05   -0.0949473 -1.32894e-05
323108516   2.13933e-05  2.37704e-05   -0.0891191  -5.7904e-05   -0.0949473 -1.32894e-05
323128545   2.13933e-05  2.37704e-05   -0.0891191  -5.7904e-05   -0.0949473 -1.32894e-05
323148543   2.13933e-05  2.37704e-05   -0.0891191  -5.7904e-05   -0.0894987 -1.32894e-05
323168365   2.13933e-05  2.37704e-05   -0.0891191  -5.7904e-05   -0.0894987 -1.32894e-05
343094381   2.21857e-05  2.37704e-05   -0.0891191  -5.7904e-05   -0.0894987 -1.32894e-05
343148303   2.21857e-05  2.13933e-05   -0.0891191  -5.7904e-05   -0.0894987 -1.32894e-05
343169357   2.21857e-05  2.13933e-05   -0.0839363  -5.7904e-05   -0.0894987 -1.32894e-05
343189132   2.21857e-05  2.13933e-05   -0.0839363  -5.4107e-05   -0.0894987 -1.32894e-05
343208652   2.21857e-05  2.13933e-05   -0.0839363  -5.4107e-05   -0.0842807 -1.32894e-05
343228167   2.21857e-05  2.13933e-05   -0.0839363  -5.4107e-05   -0.0842807 -1.32894e-05
362911254   2.21857e-05  2.13933e-05   -0.0839363  -5.4107e-05   -0.0842807 -1.32894e-05
362966882   2.21857e-05  3.80326e-05   -0.0839363  -5.4107e-05   -0.0842807 -1.32894e-05
362987722   2.21857e-05  3.80326e-05   -0.0789176  -5.4107e-05   -0.0842807 -1.32894e-05
363007579   2.21857e-05  3.80326e-05   -0.0789176 -5.50562e-05   -0.0842807 -1.32894e-05
363027104   2.21857e-05  3.80326e-05   -0.0789176 -5.50562e-05    -0.079168 -1.32894e-05
363046866   2.21857e-05  3.80326e-05   -0.0789176 -5.50562e-05    -0.079168 -1.32894e-05
383052878   2.21857e-05  3.80326e-05   -0.0789176 -5.50562e-05    -0.079168 -1.32894e-05
383106285   2.21857e-05  4.51637e-05   -0.0789176 -5.50562e-05    -0.079168 -1.32894e-05
383126792   2.21857e-05  4.51637e-05   -0.0739488 -5.50562e-05    -0.079168 -1.32894e-05
383146435   2.21857e-05  4.51637e-05   -0.0739488 -5.69547e-05    -0.079168 -1.32894e-05
383165994   2.21857e-05  4.51637e-05   -0.0739488 -5.69547e-05   -0.0742538 -1.32894e-05
383185551   2.21857e-05  4.51637e-05   -0.0739488 -5.69547e-05   -0.0742538 -1.42387e-05
